outer_fold,training_subset,channel_index_0based,wavelength_nm_approx,vip,coefficient_per_training_sd,n_training_observations,n_components
1,all_six_stages,0,950.0,1.5842566750930598,14.484552734210205,10758,20
1,all_six_stages,1,953.448275862069,1.463839773715117,6.879003869372365,10758,20
1,all_six_stages,2,956.896551724138,1.3642657082098506,-11.219977860040968,10758,20
1,all_six_stages,3,960.3448275862067,1.2899112326009008,-2.2161249548072464,10758,20
1,all_six_stages,4,963.7931034482758,1.2414367524276635,-13.341828985768071,10758,20
1,all_six_stages,5,967.2413793103448,1.203464862356953,-9.7431170266733,10758,20
1,all_six_stages,6,970.6896551724138,1.1754584897767215,10.35562481501015,10758,20
1,all_six_stages,7,974.1379310344828,1.1598496789356316,5.585422615511954,10758,20
1,all_six_stages,8,977.5862068965516,1.1636496320804537,-1.027885902705712,10758,20
1,all_six_stages,9,981.0344827586208,1.180017169098968,3.6174546127292992,10758,20
1,all_six_stages,10,984.4827586206897,1.169128063271938,-17.44005936194608,10758,20
1,all_six_stages,11,987.9310344827586,1.1676837195215206,-3.271718324026032,10758,20
1,all_six_stages,12,991.3793103448276,1.2112697449533636,-26.843030952020374,10758,20
1,all_six_stages,13,994.8275862068964,1.1894122301804988,6.888702337117078,10758,20
1,all_six_stages,14,998.2758620689656,1.2099326883955823,-1.4773465657502225,10758,20
1,all_six_stages,15,1001.7241379310344,1.2319835897241564,0.778876473209277,10758,20
1,all_six_stages,16,1005.1724137931036,1.251517557605863,14.418692128674529,10758,20
1,all_six_stages,17,1008.6206896551724,1.2733265410129937,21.679622546076743,10758,20
1,all_six_stages,18,1012.0689655172414,1.278321376823424,7.595798223044854,10758,20
1,all_six_stages,19,1015.5172413793103,1.304435395123401,5.687776115198727,10758,20
1,all_six_stages,20,1018.9655172413792,1.333957376149289,1.5536003395188198,10758,20
1,all_six_stages,21,1022.4137931034484,1.344637637541943,3.7601553073323566,10758,20
1,all_six_stages,22,1025.8620689655172,1.362096622101449,4.878362660617471,10758,20
1,all_six_stages,23,1029.3103448275865,1.385989387643214,-10.956150319880615,10758,20
1,all_six_stages,24,1032.7586206896551,1.3924892195330412,-5.120848491323976,10758,20
1,all_six_stages,25,1036.2068965517242,1.4002702158355702,4.119071697332269,10758,20
1,all_six_stages,26,1039.655172413793,1.408575836449281,14.670382099135676,10758,20
1,all_six_stages,27,1043.103448275862,1.4071272608032002,-1.4055569386595217,10758,20
1,all_six_stages,28,1046.551724137931,1.412948846969968,-5.667160553753611,10758,20
1,all_six_stages,29,1050.0,1.3914393312719138,-7.633104941405172,10758,20
1,all_six_stages,30,1053.4482758620688,1.3768506060258847,-10.919205425104268,10758,20
1,all_six_stages,31,1056.896551724138,1.342359132778003,2.405147704337105,10758,20
1,all_six_stages,32,1060.344827586207,1.3234691287676923,-6.4665977082673765,10758,20
1,all_six_stages,33,1063.7931034482758,1.2829078193988028,-1.056884197768248,10758,20
1,all_six_stages,34,1067.2413793103449,1.261688805572016,8.962525892567111,10758,20
1,all_six_stages,35,1070.6896551724135,1.2207551231487983,-2.361643952694912,10758,20
1,all_six_stages,36,1074.1379310344828,1.1799567271598217,0.0527123145701358,10758,20
1,all_six_stages,37,1077.5862068965516,1.1364622392405157,-7.78740050444958,10758,20
1,all_six_stages,38,1081.0344827586207,1.091989824982891,-6.310986558747247,10758,20
1,all_six_stages,39,1084.4827586206898,1.0485246957720409,-5.305335205233583,10758,20
1,all_six_stages,40,1087.9310344827586,1.0211518715326169,14.59449153331161,10758,20
1,all_six_stages,41,1091.3793103448277,0.9875876630481067,3.0985512078126303,10758,20
1,all_six_stages,42,1094.8275862068965,0.9500354314144744,3.3168991545761988,10758,20
1,all_six_stages,43,1098.2758620689656,0.9273988112060326,-2.8170214528291377,10758,20
1,all_six_stages,44,1101.7241379310344,0.9253045449294584,3.3907906498259512,10758,20
1,all_six_stages,45,1105.1724137931035,0.8536380384529104,-13.968623976294648,10758,20
1,all_six_stages,46,1108.6206896551723,0.812654938035877,-12.386052825472074,10758,20
1,all_six_stages,47,1112.0689655172414,0.7530607191628506,-11.88549281169126,10758,20
1,all_six_stages,48,1115.5172413793102,0.7717366320540145,6.183143958289334,10758,20
1,all_six_stages,49,1118.9655172413793,0.8192393292451428,16.210135566941872,10758,20
1,all_six_stages,50,1122.4137931034484,0.8545087164973956,26.99170244561697,10758,20
1,all_six_stages,51,1125.8620689655172,0.897952267856728,13.247760458485306,10758,20
1,all_six_stages,52,1129.3103448275865,0.9018267719104124,10.775213826590154,10758,20
1,all_six_stages,53,1132.7586206896551,0.9056331470902036,-2.667792276156625,10758,20
1,all_six_stages,54,1136.2068965517242,0.8602498940167349,-6.060367004218895,10758,20
1,all_six_stages,55,1139.655172413793,0.827201955982862,-20.22009982046008,10758,20
1,all_six_stages,56,1143.103448275862,0.813232312257125,-13.073071656520549,10758,20
1,all_six_stages,57,1146.551724137931,0.8241757087500658,-9.514486602697456,10758,20
1,all_six_stages,58,1150.0,0.8234089048971446,15.061614059180268,10758,20
1,all_six_stages,59,1153.4482758620688,0.7752421696115106,8.081439671666928,10758,20
1,all_six_stages,60,1156.896551724138,0.7548361070842456,11.108161173896718,10758,20
1,all_six_stages,61,1160.344827586207,0.7792787596761918,-13.707509104087228,10758,20
1,all_six_stages,62,1163.7931034482758,0.8521683782894603,-23.378101215579186,10758,20
1,all_six_stages,63,1167.2413793103449,0.9086192119226288,-13.24279577799123,10758,20
1,all_six_stages,64,1170.6896551724135,0.9590902825082612,-2.531357731494772,10758,20
1,all_six_stages,65,1174.1379310344828,1.0521706495919931,18.892343253208928,10758,20
1,all_six_stages,66,1177.5862068965516,1.0816163122493896,33.340952495837584,10758,20
1,all_six_stages,67,1181.0344827586207,1.0743716120587068,27.792159074730534,10758,20
1,all_six_stages,68,1184.4827586206898,1.0320139945511018,11.290595450638314,10758,20
1,all_six_stages,69,1187.9310344827586,0.9956175100130622,2.4789009923269205,10758,20
1,all_six_stages,70,1191.3793103448274,0.9966084704170792,-28.562023138030117,10758,20
1,all_six_stages,71,1194.8275862068965,0.966316892425366,-14.161172968533286,10758,20
1,all_six_stages,72,1198.2758620689656,0.92592177841627,-14.917472690007855,10758,20
1,all_six_stages,73,1201.7241379310344,0.882584218274848,1.4586243163134154,10758,20
1,all_six_stages,74,1205.1724137931035,0.7882369533987847,2.4686260413367807,10758,20
1,all_six_stages,75,1208.6206896551723,0.7426905693808015,1.3786035629042896,10758,20
1,all_six_stages,76,1212.0689655172414,0.7246465994772866,-7.440807573599544,10758,20
1,all_six_stages,77,1215.5172413793102,0.7297379595885646,-3.456328005867604,10758,20
1,all_six_stages,78,1218.9655172413793,0.7009889047698361,-0.6623325814963955,10758,20
1,all_six_stages,79,1222.4137931034484,0.7035862090925592,14.547461533903515,10758,20
1,all_six_stages,80,1225.8620689655172,0.6936579633415761,11.667518199016325,10758,20
1,all_six_stages,81,1229.310344827586,0.7160767532597918,-8.189398520649746,10758,20
1,all_six_stages,82,1232.7586206896551,0.7508007802353086,11.790862396872049,10758,20
1,all_six_stages,83,1236.2068965517242,0.7676090843963614,-2.540140644745176,10758,20
1,all_six_stages,84,1239.655172413793,0.7468242597341815,-4.264350269642273,10758,20
1,all_six_stages,85,1243.103448275862,0.7579534765428194,10.755009521652168,10758,20
1,all_six_stages,86,1246.551724137931,0.7966229740147948,-7.210888229785937,10758,20
1,all_six_stages,87,1250.0,0.8307266256995717,-27.96554061023308,10758,20
1,all_six_stages,88,1253.4482758620688,0.8363540450842315,-10.985992152131654,10758,20
1,all_six_stages,89,1256.896551724138,0.8164722358594372,-6.329391921013429,10758,20
1,all_six_stages,90,1260.344827586207,0.8470963041578412,-15.730876165386894,10758,20
1,all_six_stages,91,1263.7931034482758,0.8652869809886108,-13.375562261364584,10758,20
1,all_six_stages,92,1267.2413793103449,0.9165141470994074,-5.309936777510139,10758,20
1,all_six_stages,93,1270.6896551724135,0.959257744703064,-15.410673536138876,10758,20
1,all_six_stages,94,1274.1379310344828,1.0259117663577852,3.1142456003483137,10758,20
1,all_six_stages,95,1277.5862068965516,1.0857964774022903,2.807691812268531,10758,20
1,all_six_stages,96,1281.0344827586207,1.168327030437993,13.711763624502858,10758,20
1,all_six_stages,97,1284.4827586206898,1.2389247089151725,25.25010856935156,10758,20
1,all_six_stages,98,1287.9310344827586,1.3000512934425843,17.640502235841872,10758,20
1,all_six_stages,99,1291.3793103448274,1.3374526110932794,12.485084999463446,10758,20
1,all_six_stages,100,1294.8275862068965,1.4005632903521184,21.58957640196141,10758,20
1,all_six_stages,101,1298.2758620689656,1.421285703613662,-2.813667275950397,10758,20
1,all_six_stages,102,1301.7241379310344,1.4168879844554247,3.676628481283358,10758,20
1,all_six_stages,103,1305.1724137931035,1.426587265693717,1.8789546589065795,10758,20
1,all_six_stages,104,1308.6206896551723,1.429346549988923,-11.893449837681128,10758,20
1,all_six_stages,105,1312.0689655172414,1.3831563500782835,6.422632237731689,10758,20
1,all_six_stages,106,1315.5172413793102,1.320665156587574,-0.8858456197820004,10758,20
1,all_six_stages,107,1318.9655172413793,1.272321298810263,-19.487922995151383,10758,20
1,all_six_stages,108,1322.4137931034484,1.1963525942879691,-8.872575234017162,10758,20
1,all_six_stages,109,1325.8620689655172,1.135390771087808,-6.745244152965477,10758,20
1,all_six_stages,110,1329.310344827586,1.0922363803387027,6.804377989274377,10758,20
1,all_six_stages,111,1332.7586206896551,1.072712438201379,18.887441552130944,10758,20
1,all_six_stages,112,1336.2068965517242,1.0545760467493726,8.801387139473404,10758,20
1,all_six_stages,113,1339.655172413793,1.064169024228249,18.18085284342288,10758,20
1,all_six_stages,114,1343.103448275862,1.077686748244782,2.0393184260005417,10758,20
1,all_six_stages,115,1346.551724137931,1.1024504773594832,-7.348111614377721,10758,20
1,all_six_stages,116,1350.0,1.111511748622786,-21.82388043088489,10758,20
1,all_six_stages,117,1353.4482758620688,1.1366973175987625,-9.89854762538448,10758,20
1,all_six_stages,118,1356.896551724138,1.1560595710160133,-3.737302629676554,10758,20
1,all_six_stages,119,1360.344827586207,1.1681426667124173,0.666577028804604,10758,20
1,all_six_stages,120,1363.7931034482758,1.1941783059943043,0.9292020267409336,10758,20
1,all_six_stages,121,1367.2413793103449,1.200222768912851,-1.1544069484853097,10758,20
1,all_six_stages,122,1370.6896551724135,1.2051681254758562,-5.8345348461792526,10758,20
1,all_six_stages,123,1374.1379310344828,1.2041211306395536,3.8445345627166674,10758,20
1,all_six_stages,124,1377.5862068965516,1.2163290369806203,13.264746935173491,10758,20
1,all_six_stages,125,1381.0344827586207,1.1951611724128737,-1.5642301861706909,10758,20
1,all_six_stages,126,1384.4827586206898,1.1743356411784789,7.174253593537468,10758,20
1,all_six_stages,127,1387.9310344827586,1.146434186955975,4.018459651848165,10758,20
1,all_six_stages,128,1391.3793103448274,1.09913867378859,-4.685039400264256,10758,20
1,all_six_stages,129,1394.8275862068965,1.0776826878833123,-15.798815703916578,10758,20
1,all_six_stages,130,1398.2758620689656,1.0593043977870316,-12.92717375411874,10758,20
1,all_six_stages,131,1401.7241379310344,1.0189477008730472,-12.69164998031705,10758,20
1,all_six_stages,132,1405.1724137931035,0.9849080612725348,-8.134463223798516,10758,20
1,all_six_stages,133,1408.6206896551723,0.9610353120954576,-1.3918117260823513,10758,20
1,all_six_stages,134,1412.0689655172414,0.9198772015098492,0.4786426559244181,10758,20
1,all_six_stages,135,1415.5172413793102,0.8994346806891834,17.612384585194235,10758,20
1,all_six_stages,136,1418.9655172413793,0.8751096441365391,7.360802527199215,10758,20
1,all_six_stages,137,1422.4137931034484,0.8648969085344793,-7.441590850160407,10758,20
1,all_six_stages,138,1425.8620689655172,0.8514292524670359,-1.5569341351541608,10758,20
1,all_six_stages,139,1429.310344827586,0.856600594464409,12.357676922536257,10758,20
1,all_six_stages,140,1432.7586206896551,0.8403137776142081,3.3533345052043257,10758,20
1,all_six_stages,141,1436.2068965517242,0.8490080501832445,-17.154015774540696,10758,20
1,all_six_stages,142,1439.655172413793,0.80475907991637,-5.565550506312954,10758,20
1,all_six_stages,143,1443.103448275862,0.7985398030989,1.2081602668088536,10758,20
1,all_six_stages,144,1446.551724137931,0.7623739253733351,5.368916130016976,10758,20
1,all_six_stages,145,1450.0,0.7496822203974735,-8.71593573799393,10758,20
1,all_six_stages,146,1453.4482758620688,0.7201754769921634,-2.238478502256896,10758,20
1,all_six_stages,147,1456.896551724138,0.7052368847376931,-0.0751424350566145,10758,20
1,all_six_stages,148,1460.344827586207,0.6948962208383362,-9.057548030689258,10758,20
1,all_six_stages,149,1463.7931034482758,0.6826216106335543,15.048646332396238,10758,20
1,all_six_stages,150,1467.2413793103449,0.6792452649884163,18.51976920807869,10758,20
1,all_six_stages,151,1470.6896551724135,0.6867132248241403,24.314008346574845,10758,20
1,all_six_stages,152,1474.1379310344828,0.6697730310435195,19.13168936756357,10758,20
1,all_six_stages,153,1477.5862068965516,0.6542357703565798,1.6591072684507564,10758,20
1,all_six_stages,154,1481.0344827586207,0.6549271635551271,4.915541249113051,10758,20
1,all_six_stages,155,1484.4827586206898,0.6544463157290156,6.412774477979719,10758,20
1,all_six_stages,156,1487.9310344827586,0.6483738066294535,-6.153549164954491,10758,20
1,all_six_stages,157,1491.3793103448274,0.6471121629213412,4.01113810465891,10758,20
1,all_six_stages,158,1494.8275862068965,0.6487147466316565,-4.231628835108092,10758,20
1,all_six_stages,159,1498.2758620689656,0.6528023200322647,-7.687133528850913,10758,20
1,all_six_stages,160,1501.7241379310344,0.6718169276009082,-9.850558022265124,10758,20
1,all_six_stages,161,1505.1724137931033,0.6691736287042571,-14.498519165685837,10758,20
1,all_six_stages,162,1508.6206896551723,0.657183206616761,-7.772989089718417,10758,20
1,all_six_stages,163,1512.0689655172414,0.6564875763379118,-19.62898557669337,10758,20
1,all_six_stages,164,1515.5172413793102,0.6305732810242218,-0.8317770392728441,10758,20
1,all_six_stages,165,1518.9655172413793,0.6540584128267681,-15.593116825220887,10758,20
1,all_six_stages,166,1522.4137931034484,0.6279596250991409,4.876656610624171,10758,20
1,all_six_stages,167,1525.8620689655172,0.6330909799885022,-7.935434024180804,10758,20
1,all_six_stages,168,1529.310344827586,0.6455775083651005,6.946616373913509,10758,20
1,all_six_stages,169,1532.7586206896551,0.6514689098112382,-4.13725313426162,10758,20
1,all_six_stages,170,1536.2068965517242,0.6715589289878958,-8.822251970305354,10758,20
1,all_six_stages,171,1539.655172413793,0.7013490564864057,18.468524095517434,10758,20
1,all_six_stages,172,1543.103448275862,0.6895889482400089,4.147353458231428,10758,20
1,all_six_stages,173,1546.5517241379312,0.7216591585309485,-13.322957362713996,10758,20
1,all_six_stages,174,1550.0,0.7208784089019169,11.610826183625624,10758,20
1,all_six_stages,175,1553.4482758620688,0.7323627000306138,13.679149431110543,10758,20
1,all_six_stages,176,1556.896551724138,0.735784596237275,7.844544159730255,10758,20
1,all_six_stages,177,1560.344827586207,0.7388145613328918,-0.249529896057042,10758,20
1,all_six_stages,178,1563.7931034482758,0.7453711371151116,3.375778058062541,10758,20
1,all_six_stages,179,1567.2413793103449,0.7564179748815374,10.331446186251483,10758,20
1,all_six_stages,180,1570.6896551724135,0.7741954251965607,4.09487697982824,10758,20
1,all_six_stages,181,1574.1379310344828,0.7913693332202383,8.523212975621156,10758,20
1,all_six_stages,182,1577.5862068965516,0.7508712451670437,-0.3162284714447945,10758,20
1,all_six_stages,183,1581.0344827586207,0.7906392041662564,-17.86466232126091,10758,20
1,all_six_stages,184,1584.4827586206898,0.7266062418808532,1.509831047994692,10758,20
1,all_six_stages,185,1587.9310344827586,1.0790701309913844,7.435706582382789,10758,20
1,all_six_stages,186,1591.3793103448274,0.7959098768775396,-13.57299782113702,10758,20
1,all_six_stages,187,1594.8275862068965,0.7126136931445366,-2.861949405529673,10758,20
1,all_six_stages,188,1598.2758620689656,0.70825689800208,2.581520685058779,10758,20
1,all_six_stages,189,1601.7241379310344,0.716563390180251,1.0472527858678646,10758,20
1,all_six_stages,190,1605.1724137931033,0.7214389148748921,8.595370039439441,10758,20
1,all_six_stages,191,1608.6206896551723,0.72430122879136,-0.0512836575159094,10758,20
1,all_six_stages,192,1612.0689655172414,0.7232220046380001,0.4105439454334623,10758,20
1,all_six_stages,193,1615.5172413793102,0.720929248452238,5.191472734891072,10758,20
1,all_six_stages,194,1618.9655172413793,0.7401226278811561,11.19604347389799,10758,20
1,all_six_stages,195,1622.4137931034484,0.7365883067453851,3.8256496159173863,10758,20
1,all_six_stages,196,1625.8620689655172,0.7841366518310705,-15.500219027848248,10758,20
1,all_six_stages,197,1629.310344827586,0.8167569212214039,-13.455534205382236,10758,20
1,all_six_stages,198,1632.7586206896551,0.8049307649565591,-1.0347586358400716,10758,20
1,all_six_stages,199,1636.2068965517242,0.855483284386764,-7.505775419636203,10758,20
1,all_six_stages,200,1639.655172413793,0.862484029425228,2.494656013312108,10758,20
1,all_six_stages,201,1643.103448275862,0.9448274006828452,2.9696732649001163,10758,20
1,all_six_stages,202,1646.5517241379312,1.0921040352747755,0.8004552575990695,10758,20
1,all_six_stages,203,1650.0,1.383289566751025,-3.097467789729418,10758,20
1,post_moisture_1_to_5,0,950.0,1.7052989411150556,22.46565636514398,8965,20
1,post_moisture_1_to_5,1,953.448275862069,1.5202003476468542,12.53814093717402,8965,20
1,post_moisture_1_to_5,2,956.896551724138,1.353426637746606,-9.100616249168516,8965,20
1,post_moisture_1_to_5,3,960.3448275862067,1.2223062319857958,-9.595383420457448,8965,20
1,post_moisture_1_to_5,4,963.7931034482758,1.160650965092218,-17.964639076360342,8965,20
1,post_moisture_1_to_5,5,967.2413793103448,1.0926079319793458,-11.302403014599218,8965,20
1,post_moisture_1_to_5,6,970.6896551724138,1.0271668350519734,6.098240151822099,8965,20
1,post_moisture_1_to_5,7,974.1379310344828,0.9789435428137644,2.768817312563799,8965,20
1,post_moisture_1_to_5,8,977.5862068965516,0.9804797527715566,-1.041696072618023,8965,20
1,post_moisture_1_to_5,9,981.0344827586208,0.9935821890266888,3.1677279601247026,8965,20
1,post_moisture_1_to_5,10,984.4827586206897,0.9281185510287512,-17.715738382348324,8965,20
1,post_moisture_1_to_5,11,987.9310344827586,0.8890137483641596,0.0439135477758023,8965,20
1,post_moisture_1_to_5,12,991.3793103448276,0.962613940939385,-26.885616498118388,8965,20
1,post_moisture_1_to_5,13,994.8275862068964,0.8805820676175324,7.028829097001105,8965,20
1,post_moisture_1_to_5,14,998.2758620689656,0.9155805095317828,0.945212455027074,8965,20
1,post_moisture_1_to_5,15,1001.7241379310344,0.9228315198413238,1.9576038205065625,8965,20
1,post_moisture_1_to_5,16,1005.1724137931036,0.9368596539462742,14.641480099205255,8965,20
1,post_moisture_1_to_5,17,1008.6206896551724,0.9274385049597248,19.163205887198565,8965,20
1,post_moisture_1_to_5,18,1012.0689655172414,0.8857279131429479,5.745303961787096,8965,20
1,post_moisture_1_to_5,19,1015.5172413793103,0.8989097857165087,4.011350369130044,8965,20
1,post_moisture_1_to_5,20,1018.9655172413792,0.9364218549964664,0.6603160755304691,8965,20
1,post_moisture_1_to_5,21,1022.4137931034484,0.9016504234449688,5.684438202195192,8965,20
1,post_moisture_1_to_5,22,1025.8620689655172,0.9029030049817766,5.4187042538404375,8965,20
1,post_moisture_1_to_5,23,1029.3103448275865,0.9355962857796728,-10.741998936748502,8965,20
1,post_moisture_1_to_5,24,1032.7586206896551,0.9120397031446962,-4.275536825074245,8965,20
1,post_moisture_1_to_5,25,1036.2068965517242,0.9315176624138324,6.42651936255054,8965,20
1,post_moisture_1_to_5,26,1039.655172413793,0.9578440587233809,16.64923219226013,8965,20
1,post_moisture_1_to_5,27,1043.103448275862,0.956608751571006,-2.3354942027136465,8965,20
1,post_moisture_1_to_5,28,1046.551724137931,1.060995477934325,-11.640359679667483,8965,20
1,post_moisture_1_to_5,29,1050.0,0.9899245649639092,-5.4801566515306845,8965,20
1,post_moisture_1_to_5,30,1053.4482758620688,1.0019806354875616,-8.290432777679005,8965,20
1,post_moisture_1_to_5,31,1056.896551724138,0.9785010472131058,0.4873428236052559,8965,20
1,post_moisture_1_to_5,32,1060.344827586207,0.956788263930256,-9.587475372429848,8965,20
1,post_moisture_1_to_5,33,1063.7931034482758,0.906348614992788,-3.305569978053873,8965,20
1,post_moisture_1_to_5,34,1067.2413793103449,0.906038768986945,6.460345039174502,8965,20
1,post_moisture_1_to_5,35,1070.6896551724135,0.903144927627806,-3.1475282797366937,8965,20
1,post_moisture_1_to_5,36,1074.1379310344828,0.8998868632182715,-2.33673475212289,8965,20
1,post_moisture_1_to_5,37,1077.5862068965516,0.8812838994500914,-5.219738557359768,8965,20
1,post_moisture_1_to_5,38,1081.0344827586207,0.8660061058571066,-5.609601099302743,8965,20
1,post_moisture_1_to_5,39,1084.4827586206898,0.8604996718502087,0.970695780880806,8965,20
1,post_moisture_1_to_5,40,1087.9310344827586,0.8626503016697279,11.692528557690087,8965,20
1,post_moisture_1_to_5,41,1091.3793103448277,0.8726677184256008,8.072843086778555,8965,20
1,post_moisture_1_to_5,42,1094.8275862068965,0.8526955416842991,7.554517965801135,8965,20
1,post_moisture_1_to_5,43,1098.2758620689656,0.8806166759753702,-3.9812059302024254,8965,20
1,post_moisture_1_to_5,44,1101.7241379310344,0.9013094373070984,3.412964577660489,8965,20
1,post_moisture_1_to_5,45,1105.1724137931035,0.8382081747464974,-5.00692556719754,8965,20
1,post_moisture_1_to_5,46,1108.6206896551723,0.907749649151852,-8.47886584649187,8965,20
1,post_moisture_1_to_5,47,1112.0689655172414,0.8819960367619986,-13.881994576132136,8965,20
1,post_moisture_1_to_5,48,1115.5172413793102,0.9782040919668512,0.1980598380889762,8965,20
1,post_moisture_1_to_5,49,1118.9655172413793,1.0499398465908596,9.29931124012125,8965,20
1,post_moisture_1_to_5,50,1122.4137931034484,1.176069809995852,20.872480687321804,8965,20
1,post_moisture_1_to_5,51,1125.8620689655172,1.1618241028816043,10.059406403792163,8965,20
1,post_moisture_1_to_5,52,1129.3103448275865,1.1254984717266088,6.743611739385976,8965,20
1,post_moisture_1_to_5,53,1132.7586206896551,1.090314597522017,2.268402054446016,8965,20
1,post_moisture_1_to_5,54,1136.2068965517242,1.0494878259749512,-2.8815724707756174,8965,20
1,post_moisture_1_to_5,55,1139.655172413793,0.9631119309455148,-19.657152528773203,8965,20
1,post_moisture_1_to_5,56,1143.103448275862,0.9459360273699008,-15.219549511221842,8965,20
1,post_moisture_1_to_5,57,1146.551724137931,0.953014955195426,-1.6683746973944642,8965,20
1,post_moisture_1_to_5,58,1150.0,0.973050684312046,17.5677521461102,8965,20
1,post_moisture_1_to_5,59,1153.4482758620688,0.891695522233983,14.825197467785772,8965,20
1,post_moisture_1_to_5,60,1156.896551724138,0.8717237920038036,15.443949226896647,8965,20
1,post_moisture_1_to_5,61,1160.344827586207,0.92948124389905,-11.981872444405523,8965,20
1,post_moisture_1_to_5,62,1163.7931034482758,1.0684663575282882,-28.94104253169976,8965,20
1,post_moisture_1_to_5,63,1167.2413793103449,1.1561974778431467,-21.01996812710653,8965,20
1,post_moisture_1_to_5,64,1170.6896551724135,1.1209069584448466,3.5834714767486435,8965,20
1,post_moisture_1_to_5,65,1174.1379310344828,1.232466020246153,21.68787100243453,8965,20
1,post_moisture_1_to_5,66,1177.5862068965516,1.234610563507789,37.41779999822332,8965,20
1,post_moisture_1_to_5,67,1181.0344827586207,1.1820149172219778,30.703503394832435,8965,20
1,post_moisture_1_to_5,68,1184.4827586206898,1.1243156241,10.346374703517974,8965,20
1,post_moisture_1_to_5,69,1187.9310344827586,1.0351880948958243,-0.5421116486100664,8965,20
1,post_moisture_1_to_5,70,1191.3793103448274,1.0848445092321537,-28.85257036516253,8965,20
1,post_moisture_1_to_5,71,1194.8275862068965,1.111645981332586,-17.410687789906287,8965,20
1,post_moisture_1_to_5,72,1198.2758620689656,1.056145956200336,-11.112721393030103,8965,20
1,post_moisture_1_to_5,73,1201.7241379310344,1.0340504788064238,-0.991876605778022,8965,20
1,post_moisture_1_to_5,74,1205.1724137931035,0.8373018276432487,0.2092254909641315,8965,20
1,post_moisture_1_to_5,75,1208.6206896551723,0.774994890715878,-2.408106435599555,8965,20
1,post_moisture_1_to_5,76,1212.0689655172414,0.7796722412953413,-16.308206297668303,8965,20
1,post_moisture_1_to_5,77,1215.5172413793102,0.807888444235378,-9.135517857924317,8965,20
1,post_moisture_1_to_5,78,1218.9655172413793,0.772259602697092,2.303666121756004,8965,20
1,post_moisture_1_to_5,79,1222.4137931034484,0.7632686791057228,10.655540261523509,8965,20
1,post_moisture_1_to_5,80,1225.8620689655172,0.7417342128047131,13.165361263772564,8965,20
1,post_moisture_1_to_5,81,1229.310344827586,0.8102380523097501,-9.110213235678051,8965,20
1,post_moisture_1_to_5,82,1232.7586206896551,0.8952207617394299,13.64589698761539,8965,20
1,post_moisture_1_to_5,83,1236.2068965517242,0.9005393313007398,2.148912771928299,8965,20
1,post_moisture_1_to_5,84,1239.655172413793,0.815752404498731,-5.894208213479853,8965,20
1,post_moisture_1_to_5,85,1243.103448275862,0.8656770522275583,13.708813930611104,8965,20
1,post_moisture_1_to_5,86,1246.551724137931,0.944266939958216,2.0229219276134254,8965,20
1,post_moisture_1_to_5,87,1250.0,0.9869739939293264,-26.30447502475718,8965,20
1,post_moisture_1_to_5,88,1253.4482758620688,0.980561523935456,-17.4778874932626,8965,20
1,post_moisture_1_to_5,89,1256.896551724138,0.9189780883258444,-13.653526802153516,8965,20
1,post_moisture_1_to_5,90,1260.344827586207,0.9034071196910164,-12.12162930759453,8965,20
1,post_moisture_1_to_5,91,1263.7931034482758,0.8765826255517015,-21.93322108879924,8965,20
1,post_moisture_1_to_5,92,1267.2413793103449,0.9026647816061047,-14.723412669101268,8965,20
1,post_moisture_1_to_5,93,1270.6896551724135,0.9104266214302882,-22.19012167872956,8965,20
1,post_moisture_1_to_5,94,1274.1379310344828,0.9438118341970704,1.9048408641997023,8965,20
1,post_moisture_1_to_5,95,1277.5862068965516,0.9627300232515942,3.267370823205778,8965,20
1,post_moisture_1_to_5,96,1281.0344827586207,1.0600863433036083,13.97865928474442,8965,20
1,post_moisture_1_to_5,97,1284.4827586206898,1.113651669251525,24.702932897992472,8965,20
1,post_moisture_1_to_5,98,1287.9310344827586,1.155261022922864,17.6109408919691,8965,20
1,post_moisture_1_to_5,99,1291.3793103448274,1.157263872709392,19.6663543518398,8965,20
1,post_moisture_1_to_5,100,1294.8275862068965,1.2199135203790632,24.68392940531341,8965,20
1,post_moisture_1_to_5,101,1298.2758620689656,1.2253389261310466,-1.7922858669516006,8965,20
1,post_moisture_1_to_5,102,1301.7241379310344,1.1461031388265683,10.429969499649584,8965,20
1,post_moisture_1_to_5,103,1305.1724137931035,1.1691191146310975,8.636645707245567,8965,20
1,post_moisture_1_to_5,104,1308.6206896551723,1.2439526840962405,-6.614195503586062,8965,20
1,post_moisture_1_to_5,105,1312.0689655172414,1.1444395289380516,10.547322715572047,8965,20
1,post_moisture_1_to_5,106,1315.5172413793102,1.05181265602082,2.729705382296429,8965,20
1,post_moisture_1_to_5,107,1318.9655172413793,1.036547368477878,-20.07917304042785,8965,20
1,post_moisture_1_to_5,108,1322.4137931034484,0.9662350581673912,-3.578241034358462,8965,20
1,post_moisture_1_to_5,109,1325.8620689655172,0.9112291051187132,-1.0102669900239127,8965,20
1,post_moisture_1_to_5,110,1329.310344827586,0.9508580817610296,14.268883898638178,8965,20
1,post_moisture_1_to_5,111,1332.7586206896551,0.9567867305979164,19.35779632643693,8965,20
1,post_moisture_1_to_5,112,1336.2068965517242,1.0080711298569962,8.863610237473821,8965,20
1,post_moisture_1_to_5,113,1339.655172413793,1.1268901876791684,24.76714882239004,8965,20
1,post_moisture_1_to_5,114,1343.103448275862,1.1373013330030088,-5.587078396750519,8965,20
1,post_moisture_1_to_5,115,1346.551724137931,1.1732848041315511,-15.480500269596677,8965,20
1,post_moisture_1_to_5,116,1350.0,1.126849815394833,-37.83642373700664,8965,20
1,post_moisture_1_to_5,117,1353.4482758620688,1.0721284751871016,-13.413334208274764,8965,20
1,post_moisture_1_to_5,118,1356.896551724138,1.0317029124963253,-3.016319030066989,8965,20
1,post_moisture_1_to_5,119,1360.344827586207,1.0633529064684255,-10.494385025301437,8965,20
1,post_moisture_1_to_5,120,1363.7931034482758,1.1038687164774,-6.634727174695271,8965,20
1,post_moisture_1_to_5,121,1367.2413793103449,1.149849758570994,-9.454682264729255,8965,20
1,post_moisture_1_to_5,122,1370.6896551724135,1.2123174138462016,-7.167444421707112,8965,20
1,post_moisture_1_to_5,123,1374.1379310344828,1.2056865791525162,10.441512638459866,8965,20
1,post_moisture_1_to_5,124,1377.5862068965516,1.29326404572308,19.82825062459477,8965,20
1,post_moisture_1_to_5,125,1381.0344827586207,1.311513778287199,4.416101763973044,8965,20
1,post_moisture_1_to_5,126,1384.4827586206898,1.329146402564307,13.26360327535265,8965,20
1,post_moisture_1_to_5,127,1387.9310344827586,1.325821790279999,12.287406588972589,8965,20
1,post_moisture_1_to_5,128,1391.3793103448274,1.2794734032981037,-0.0349771822147825,8965,20
1,post_moisture_1_to_5,129,1394.8275862068965,1.2541657126209462,-12.122862116353115,8965,20
1,post_moisture_1_to_5,130,1398.2758620689656,1.2532738783273267,-15.467841456296998,8965,20
1,post_moisture_1_to_5,131,1401.7241379310344,1.1809528474023674,-14.5641507483822,8965,20
1,post_moisture_1_to_5,132,1405.1724137931035,1.1406457307911628,-5.565735703472549,8965,20
1,post_moisture_1_to_5,133,1408.6206896551723,1.099004389035654,-6.802319867705609,8965,20
1,post_moisture_1_to_5,134,1412.0689655172414,1.0497611553420465,-2.603887170627362,8965,20
1,post_moisture_1_to_5,135,1415.5172413793102,1.0130533730288849,13.105700575270903,8965,20
1,post_moisture_1_to_5,136,1418.9655172413793,0.9959710891893362,2.8028560524289525,8965,20
1,post_moisture_1_to_5,137,1422.4137931034484,0.964960480814572,-10.729122458180084,8965,20
1,post_moisture_1_to_5,138,1425.8620689655172,0.9625804567557494,-8.41088751932839,8965,20
1,post_moisture_1_to_5,139,1429.310344827586,0.9600801517855944,9.704691681552568,8965,20
1,post_moisture_1_to_5,140,1432.7586206896551,0.9617686389832542,1.999636706392972,8965,20
1,post_moisture_1_to_5,141,1436.2068965517242,0.9618276467406895,-11.0386439907848,8965,20
1,post_moisture_1_to_5,142,1439.655172413793,0.8915545653551289,-0.1353424163611614,8965,20
1,post_moisture_1_to_5,143,1443.103448275862,0.8756145178636622,4.1898693525399615,8965,20
1,post_moisture_1_to_5,144,1446.551724137931,0.8416272772308768,6.278200760388092,8965,20
1,post_moisture_1_to_5,145,1450.0,0.8268187194063922,-5.191231280147781,8965,20
1,post_moisture_1_to_5,146,1453.4482758620688,0.7841665235731562,-5.470001120603301,8965,20
1,post_moisture_1_to_5,147,1456.896551724138,0.7824406212703148,-0.568290869569257,8965,20
1,post_moisture_1_to_5,148,1460.344827586207,0.7874300844052071,-8.933361435562281,8965,20
1,post_moisture_1_to_5,149,1463.7931034482758,0.7602397944359791,11.727837504192182,8965,20
1,post_moisture_1_to_5,150,1467.2413793103449,0.7716767293032444,16.812487583597818,8965,20
1,post_moisture_1_to_5,151,1470.6896551724135,0.8401079981859498,29.182442140395384,8965,20
1,post_moisture_1_to_5,152,1474.1379310344828,0.8058536517947147,22.086893132605983,8965,20
1,post_moisture_1_to_5,153,1477.5862068965516,0.8036079492058313,0.7073577271102747,8965,20
1,post_moisture_1_to_5,154,1481.0344827586207,0.8182422335026207,5.56948010716333,8965,20
1,post_moisture_1_to_5,155,1484.4827586206898,0.8276283259975066,5.130750738559735,8965,20
1,post_moisture_1_to_5,156,1487.9310344827586,0.8513401265311267,-2.81546348694789,8965,20
1,post_moisture_1_to_5,157,1491.3793103448274,0.8305347643831921,11.136213848782306,8965,20
1,post_moisture_1_to_5,158,1494.8275862068965,0.8436159011709362,-1.592348253673468,8965,20
1,post_moisture_1_to_5,159,1498.2758620689656,0.8855468199059351,-13.361294650112674,8965,20
1,post_moisture_1_to_5,160,1501.7241379310344,0.9102491757933489,-12.777828122599749,8965,20
1,post_moisture_1_to_5,161,1505.1724137931033,0.9470740010146046,-20.49760312964851,8965,20
1,post_moisture_1_to_5,162,1508.6206896551723,0.8724230939358615,-12.049833471668231,8965,20
1,post_moisture_1_to_5,163,1512.0689655172414,0.8882530701172708,-18.78318814112624,8965,20
1,post_moisture_1_to_5,164,1515.5172413793102,0.8028159978176922,2.010439809501546,8965,20
1,post_moisture_1_to_5,165,1518.9655172413793,0.8562660891031149,-21.51336845219587,8965,20
1,post_moisture_1_to_5,166,1522.4137931034484,0.7755011557806814,0.2408940600461905,8965,20
1,post_moisture_1_to_5,167,1525.8620689655172,0.7746077144415536,-11.620625106630133,8965,20
1,post_moisture_1_to_5,168,1529.310344827586,0.7705952172964377,4.192266564756181,8965,20
1,post_moisture_1_to_5,169,1532.7586206896551,0.7638005453547492,-5.810984619466088,8965,20
1,post_moisture_1_to_5,170,1536.2068965517242,0.811796407445075,-9.921832269200909,8965,20
1,post_moisture_1_to_5,171,1539.655172413793,0.8446267803960893,23.479208239392104,8965,20
1,post_moisture_1_to_5,172,1543.103448275862,0.8040654499047489,4.952010175048012,8965,20
1,post_moisture_1_to_5,173,1546.5517241379312,0.8482280700333763,-16.554854023388756,8965,20
1,post_moisture_1_to_5,174,1550.0,0.8272360941785912,9.374371397235045,8965,20
1,post_moisture_1_to_5,175,1553.4482758620688,0.847348978341717,13.958762798938658,8965,20
1,post_moisture_1_to_5,176,1556.896551724138,0.8780042447165131,14.529387587951389,8965,20
1,post_moisture_1_to_5,177,1560.344827586207,0.8601581406374402,3.1968338884464784,8965,20
1,post_moisture_1_to_5,178,1563.7931034482758,0.876187780431589,10.268605972214342,8965,20
1,post_moisture_1_to_5,179,1567.2413793103449,0.9192564886807588,18.68039543974823,8965,20
1,post_moisture_1_to_5,180,1570.6896551724135,0.9133531126429116,4.052440646960649,8965,20
1,post_moisture_1_to_5,181,1574.1379310344828,0.9948308546795804,13.673846145831998,8965,20
1,post_moisture_1_to_5,182,1577.5862068965516,0.8363618208220762,3.490624211639502,8965,20
1,post_moisture_1_to_5,183,1581.0344827586207,0.8961803789805619,-16.968135529436363,8965,20
1,post_moisture_1_to_5,184,1584.4827586206898,0.8001534728708071,5.0855299018037785,8965,20
1,post_moisture_1_to_5,185,1587.9310344827586,1.639393983242445,6.568522196093858,8965,20
1,post_moisture_1_to_5,186,1591.3793103448274,0.9458989087848112,-14.294811454117756,8965,20
1,post_moisture_1_to_5,187,1594.8275862068965,0.7386932550604978,-2.3601501167027745,8965,20
1,post_moisture_1_to_5,188,1598.2758620689656,0.7483006244245064,-1.4372434477186586,8965,20
1,post_moisture_1_to_5,189,1601.7241379310344,0.7579363121156277,-3.4148673598515304,8965,20
1,post_moisture_1_to_5,190,1605.1724137931033,0.7853075912710571,5.857271894865425,8965,20
1,post_moisture_1_to_5,191,1608.6206896551723,0.7724882820087253,-1.412817747803992,8965,20
1,post_moisture_1_to_5,192,1612.0689655172414,0.794735696274698,-4.121916704829214,8965,20
1,post_moisture_1_to_5,193,1615.5172413793102,0.785869764473308,-2.300711627759226,8965,20
1,post_moisture_1_to_5,194,1618.9655172413793,0.8409473435689501,7.298816546661127,8965,20
1,post_moisture_1_to_5,195,1622.4137931034484,0.8337247283005189,6.029073133914805,8965,20
1,post_moisture_1_to_5,196,1625.8620689655172,0.9221785179834308,-11.319570715007648,8965,20
1,post_moisture_1_to_5,197,1629.310344827586,0.9852380887898564,-8.195630549911975,8965,20
1,post_moisture_1_to_5,198,1632.7586206896551,0.9764941490601368,1.3357785821260708,8965,20
1,post_moisture_1_to_5,199,1636.2068965517242,1.0768358773630675,-2.655206446604112,8965,20
1,post_moisture_1_to_5,200,1639.655172413793,1.078857414362015,2.323079078300926,8965,20
1,post_moisture_1_to_5,201,1643.103448275862,1.209427815900459,2.4653143206476784,8965,20
1,post_moisture_1_to_5,202,1646.5517241379312,1.508552657946179,-4.009946838703025,8965,20
1,post_moisture_1_to_5,203,1650.0,2.1434494345933217,-4.537147686731776,8965,20
2,all_six_stages,0,950.0,1.582495696253329,12.866362800277646,10758,30
2,all_six_stages,1,953.448275862069,1.4584288434510708,9.020459580499924,10758,30
2,all_six_stages,2,956.896551724138,1.3536617168613834,-9.364692696496183,10758,30
2,all_six_stages,3,960.3448275862067,1.278285703328522,3.9130792187942314,10758,30
2,all_six_stages,4,963.7931034482758,1.2266708875486858,-11.118052840805095,10758,30
2,all_six_stages,5,967.2413793103448,1.1945122647351902,-17.51013987917789,10758,30
2,all_six_stages,6,970.6896551724138,1.1607859002160714,1.0172465817882643,10758,30
2,all_six_stages,7,974.1379310344828,1.1533815396017932,10.38014882234691,10758,30
2,all_six_stages,8,977.5862068965516,1.1555912261735306,-1.8198814525843527,10758,30
2,all_six_stages,9,981.0344827586208,1.1791233978970712,-2.044675770037189,10758,30
2,all_six_stages,10,984.4827586206897,1.16255644751214,-18.93019888715457,10758,30
2,all_six_stages,11,987.9310344827586,1.1651930778692905,10.449687156332244,10758,30
2,all_six_stages,12,991.3793103448276,1.2057597612916238,-27.032842337770425,10758,30
2,all_six_stages,13,994.8275862068964,1.1897366678200825,9.184247791706683,10758,30
2,all_six_stages,14,998.2758620689656,1.2125214539237692,1.4400108622851584,10758,30
2,all_six_stages,15,1001.7241379310344,1.2373360547377918,-6.542067322541117,10758,30
2,all_six_stages,16,1005.1724137931036,1.257769915670282,12.82090074477688,10758,30
2,all_six_stages,17,1008.6206896551724,1.285623002020287,26.93297021916796,10758,30
2,all_six_stages,18,1012.0689655172414,1.2905429667856811,3.738167107053013,10758,30
2,all_six_stages,19,1015.5172413793103,1.3177131985799937,-3.2843190112724256,10758,30
2,all_six_stages,20,1018.9655172413792,1.346335350645525,10.462748794092548,10758,30
2,all_six_stages,21,1022.4137931034484,1.3554509579493972,-0.7667259467577083,10758,30
2,all_six_stages,22,1025.8620689655172,1.3707133631852704,10.90234011545485,10758,30
2,all_six_stages,23,1029.3103448275865,1.3945037764225643,-19.38769846835472,10758,30
2,all_six_stages,24,1032.7586206896551,1.398767000555491,-1.8020647517482224,10758,30
2,all_six_stages,25,1036.2068965517242,1.403129513352268,2.3561031829205032,10758,30
2,all_six_stages,26,1039.655172413793,1.40873325980024,16.534810477484672,10758,30
2,all_six_stages,27,1043.103448275862,1.4105465607755368,1.621886900167756,10758,30
2,all_six_stages,28,1046.551724137931,1.4204905244670258,-9.163105792761492,10758,30
2,all_six_stages,29,1050.0,1.4007357662108382,-4.864208263060155,10758,30
2,all_six_stages,30,1053.4482758620688,1.3825981383485244,-11.789670668437092,10758,30
2,all_six_stages,31,1056.896551724138,1.3500410916247385,3.062858893198832,10758,30
2,all_six_stages,32,1060.344827586207,1.3310744558681993,-13.45505392119437,10758,30
2,all_six_stages,33,1063.7931034482758,1.2876149524589289,3.607602500789948,10758,30
2,all_six_stages,34,1067.2413793103449,1.263479820118042,10.971565947582937,10758,30
2,all_six_stages,35,1070.6896551724135,1.2254665100962523,-3.9803567974644416,10758,30
2,all_six_stages,36,1074.1379310344828,1.1851888044272816,7.515108461230424,10758,30
2,all_six_stages,37,1077.5862068965516,1.146374194518646,-16.840071153680064,10758,30
2,all_six_stages,38,1081.0344827586207,1.1055726181678402,-6.128554758433697,10758,30
2,all_six_stages,39,1084.4827586206898,1.0623869281974976,-8.695947458274436,10758,30
2,all_six_stages,40,1087.9310344827586,1.028084798800927,11.372486888911416,10758,30
2,all_six_stages,41,1091.3793103448277,1.0015248808554025,10.632439415706829,10758,30
2,all_six_stages,42,1094.8275862068965,0.963182212176466,5.025403026778871,10758,30
2,all_six_stages,43,1098.2758620689656,0.9355807939691024,-3.513779206002209,10758,30
2,all_six_stages,44,1101.7241379310344,0.9308840299263944,-0.6808896771001378,10758,30
2,all_six_stages,45,1105.1724137931035,0.867363435825909,-9.135537276662516,10758,30
2,all_six_stages,46,1108.6206896551723,0.8278667103342472,-15.337803329580142,10758,30
2,all_six_stages,47,1112.0689655172414,0.7619813350435086,-7.640880870534474,10758,30
2,all_six_stages,48,1115.5172413793102,0.7768783780960794,5.352225833401628,10758,30
2,all_six_stages,49,1118.9655172413793,0.8344636756910698,13.790820291326815,10758,30
2,all_six_stages,50,1122.4137931034484,0.8640513710682958,35.5210298626785,10758,30
2,all_six_stages,51,1125.8620689655172,0.8914482635474859,12.412192285838604,10758,30
2,all_six_stages,52,1129.3103448275865,0.8982392541967285,3.1414733695931534,10758,30
2,all_six_stages,53,1132.7586206896551,0.903859485819664,-6.016562810325743,10758,30
2,all_six_stages,54,1136.2068965517242,0.8524342139208908,0.3264986100799303,10758,30
2,all_six_stages,55,1139.655172413793,0.8273559334208079,-21.70223888143231,10758,30
2,all_six_stages,56,1143.103448275862,0.8117653210470155,-5.18418516409113,10758,30
2,all_six_stages,57,1146.551724137931,0.823771477899633,-13.19686742701698,10758,30
2,all_six_stages,58,1150.0,0.8177830383778872,9.52690889420349,10758,30
2,all_six_stages,59,1153.4482758620688,0.7827820400851294,4.642736810253949,10758,30
2,all_six_stages,60,1156.896551724138,0.7645505951993122,23.76319176585344,10758,30
2,all_six_stages,61,1160.344827586207,0.7977870777202066,-17.671073213943043,10758,30
2,all_six_stages,62,1163.7931034482758,0.8654164483250557,-29.30680270967238,10758,30
2,all_six_stages,63,1167.2413793103449,0.914142056167408,-12.607406137879746,10758,30
2,all_six_stages,64,1170.6896551724135,0.964803873013501,-5.246805682811749,10758,30
2,all_six_stages,65,1174.1379310344828,1.0694027575614595,28.669283815615344,10758,30
2,all_six_stages,66,1177.5862068965516,1.0983799337804176,38.17829776506864,10758,30
2,all_six_stages,67,1181.0344827586207,1.0922012287712084,14.586422725182336,10758,30
2,all_six_stages,68,1184.4827586206898,1.0527338965579258,8.936309368994326,10758,30
2,all_six_stages,69,1187.9310344827586,1.0204630429270525,8.596904252753724,10758,30
2,all_six_stages,70,1191.3793103448274,1.010947186791805,-33.667402264388265,10758,30
2,all_six_stages,71,1194.8275862068965,0.9888453472953864,-8.84293959273142,10758,30
2,all_six_stages,72,1198.2758620689656,0.9483577117441064,-14.856419047514818,10758,30
2,all_six_stages,73,1201.7241379310344,0.8941206460152171,1.5816043161311175,10758,30
2,all_six_stages,74,1205.1724137931035,0.7937724236657269,-3.68869085184291,10758,30
2,all_six_stages,75,1208.6206896551723,0.7409039788535712,6.083931110607178,10758,30
2,all_six_stages,76,1212.0689655172414,0.7177674076173619,-6.044997512574534,10758,30
2,all_six_stages,77,1215.5172413793102,0.719942934932731,-2.957664437215185,10758,30
2,all_six_stages,78,1218.9655172413793,0.6892362291255736,0.7809244268882458,10758,30
2,all_six_stages,79,1222.4137931034484,0.687049925619263,15.634327363162742,10758,30
2,all_six_stages,80,1225.8620689655172,0.6798536913071723,22.348897804389004,10758,30
2,all_six_stages,81,1229.310344827586,0.7112946598046032,-29.57933418166219,10758,30
2,all_six_stages,82,1232.7586206896551,0.7429827412529262,23.201251545528077,10758,30
2,all_six_stages,83,1236.2068965517242,0.7580655166664823,-5.334410455523917,10758,30
2,all_six_stages,84,1239.655172413793,0.726818710400021,-1.982322184754422,10758,30
2,all_six_stages,85,1243.103448275862,0.7375547682420559,21.75705033793684,10758,30
2,all_six_stages,86,1246.551724137931,0.7820961700692751,-13.152960553515124,10758,30
2,all_six_stages,87,1250.0,0.8239047844092887,-44.382493931593366,10758,30
2,all_six_stages,88,1253.4482758620688,0.8119316223427832,-0.7676012010984118,10758,30
2,all_six_stages,89,1256.896551724138,0.7917573751685697,-3.791889025789133,10758,30
2,all_six_stages,90,1260.344827586207,0.8224049186461515,-7.299076386447459,10758,30
2,all_six_stages,91,1263.7931034482758,0.8436056439908997,-18.607512198769054,10758,30
2,all_six_stages,92,1267.2413793103449,0.9013270193021105,-9.8756470928777,10758,30
2,all_six_stages,93,1270.6896551724135,0.9358224612990426,-10.544493960160114,10758,30
2,all_six_stages,94,1274.1379310344828,1.0083793098313787,7.547315007788894,10758,30
2,all_six_stages,95,1277.5862068965516,1.0649849602331296,-14.49320304428203,10758,30
2,all_six_stages,96,1281.0344827586207,1.14767055806033,13.231195045821078,10758,30
2,all_six_stages,97,1284.4827586206898,1.2179764482287956,25.49643453122846,10758,30
2,all_six_stages,98,1287.9310344827586,1.2880616169367172,32.54852444021675,10758,30
2,all_six_stages,99,1291.3793103448274,1.3224224233778137,4.338594488650863,10758,30
2,all_six_stages,100,1294.8275862068965,1.3800209217764137,32.09309742437145,10758,30
2,all_six_stages,101,1298.2758620689656,1.4076260930732634,-14.578040059575956,10758,30
2,all_six_stages,102,1301.7241379310344,1.4028129732844006,-3.348671992617724,10758,30
2,all_six_stages,103,1305.1724137931035,1.4154770246581756,9.108789615123058,10758,30
2,all_six_stages,104,1308.6206896551723,1.4209791030007124,-33.869982635315054,10758,30
2,all_six_stages,105,1312.0689655172414,1.3718592140245054,8.694792915960408,10758,30
2,all_six_stages,106,1315.5172413793102,1.3132252507698832,18.47619143331555,10758,30
2,all_six_stages,107,1318.9655172413793,1.2618759451596948,-18.939800475536792,10758,30
2,all_six_stages,108,1322.4137931034484,1.1928363506098545,-3.109974916162174,10758,30
2,all_six_stages,109,1325.8620689655172,1.126679642309948,-9.902398255414123,10758,30
2,all_six_stages,110,1329.310344827586,1.0819791869164828,8.641484261113959,10758,30
2,all_six_stages,111,1332.7586206896551,1.058362274657407,24.284642668232905,10758,30
2,all_six_stages,112,1336.2068965517242,1.0498903477518,2.27368074189883,10758,30
2,all_six_stages,113,1339.655172413793,1.0608832784877271,16.67370373251958,10758,30
2,all_six_stages,114,1343.103448275862,1.0790332351206071,-10.924382046046247,10758,30
2,all_six_stages,115,1346.551724137931,1.1003987704928333,-11.59735936455978,10758,30
2,all_six_stages,116,1350.0,1.099908617238078,-17.84923148651132,10758,30
2,all_six_stages,117,1353.4482758620688,1.1313597004116545,7.555442461250988,10758,30
2,all_six_stages,118,1356.896551724138,1.1574979321121583,-11.053584280504008,10758,30
2,all_six_stages,119,1360.344827586207,1.168495926652547,-1.7955326555531557,10758,30
2,all_six_stages,120,1363.7931034482758,1.195593772387991,4.311174486297098,10758,30
2,all_six_stages,121,1367.2413793103449,1.1981852433943694,0.113477138002551,10758,30
2,all_six_stages,122,1370.6896551724135,1.200484170265009,-10.84928178273532,10758,30
2,all_six_stages,123,1374.1379310344828,1.1983168273292355,6.195388966973233,10758,30
2,all_six_stages,124,1377.5862068965516,1.211214034391549,20.17731895712709,10758,30
2,all_six_stages,125,1381.0344827586207,1.185623227234933,-11.577201862150446,10758,30
2,all_six_stages,126,1384.4827586206898,1.1674508966095425,11.617235101843097,10758,30
2,all_six_stages,127,1387.9310344827586,1.138796612884018,1.434344632666022,10758,30
2,all_six_stages,128,1391.3793103448274,1.095756116720665,-5.410989188072496,10758,30
2,all_six_stages,129,1394.8275862068965,1.0763202669075318,-9.865823398490058,10758,30
2,all_six_stages,130,1398.2758620689656,1.0649372919649345,-17.475609010719356,10758,30
2,all_six_stages,131,1401.7241379310344,1.0259113796325787,-12.976556576987996,10758,30
2,all_six_stages,132,1405.1724137931035,0.9921931030891848,-3.558325108476321,10758,30
2,all_six_stages,133,1408.6206896551723,0.9690476018541198,2.342141173443446,10758,30
2,all_six_stages,134,1412.0689655172414,0.9309022560024603,-7.858301722203079,10758,30
2,all_six_stages,135,1415.5172413793102,0.9089238782634776,22.64387781786449,10758,30
2,all_six_stages,136,1418.9655172413793,0.8868299629040598,-0.5658431775053863,10758,30
2,all_six_stages,137,1422.4137931034484,0.8753026694763858,-16.79228653799573,10758,30
2,all_six_stages,138,1425.8620689655172,0.8578189369275039,0.0615094489396195,10758,30
2,all_six_stages,139,1429.310344827586,0.8620227508527958,19.80100828249569,10758,30
2,all_six_stages,140,1432.7586206896551,0.8433135146085816,1.8454034682038076,10758,30
2,all_six_stages,141,1436.2068965517242,0.8567698729312518,-28.72748679378734,10758,30
2,all_six_stages,142,1439.655172413793,0.806064292624118,6.703395836901684,10758,30
2,all_six_stages,143,1443.103448275862,0.7995544397228971,2.513935841508666,10758,30
2,all_six_stages,144,1446.551724137931,0.76254957459836,13.478821337518582,10758,30
2,all_six_stages,145,1450.0,0.7416467556039771,-10.378019252961488,10758,30
2,all_six_stages,146,1453.4482758620688,0.7186069881322803,-1.3205884083085664,10758,30
2,all_six_stages,147,1456.896551724138,0.7001117314668921,3.90824513062521,10758,30
2,all_six_stages,148,1460.344827586207,0.6862292384281291,-17.95199604039203,10758,30
2,all_six_stages,149,1463.7931034482758,0.6754059956808287,12.38969942427381,10758,30
2,all_six_stages,150,1467.2413793103449,0.6742833819221989,14.624412043750452,10758,30
2,all_six_stages,151,1470.6896551724135,0.6858077073091374,29.66239493986683,10758,30
2,all_six_stages,152,1474.1379310344828,0.6752286996055409,33.64542606893161,10758,30
2,all_six_stages,153,1477.5862068965516,0.6564881572752035,-7.647978674717244,10758,30
2,all_six_stages,154,1481.0344827586207,0.657295028493304,-1.516414467415955,10758,30
2,all_six_stages,155,1484.4827586206898,0.6604166871243488,25.02988289873616,10758,30
2,all_six_stages,156,1487.9310344827586,0.6539858095684751,-18.59324565855476,10758,30
2,all_six_stages,157,1491.3793103448274,0.6460991750931944,5.077534619831802,10758,30
2,all_six_stages,158,1494.8275862068965,0.6586617475513329,-6.809480719187537,10758,30
2,all_six_stages,159,1498.2758620689656,0.660652018653417,-4.812024548690824,10758,30
2,all_six_stages,160,1501.7241379310344,0.6752438664406702,-6.622943365555309,10758,30
2,all_six_stages,161,1505.1724137931033,0.6832616325870062,-22.427975951184948,10758,30
2,all_six_stages,162,1508.6206896551723,0.6700423338893207,-4.100100742805073,10758,30
2,all_six_stages,163,1512.0689655172414,0.66863351286196,-26.72839838074006,10758,30
2,all_six_stages,164,1515.5172413793102,0.631591729288313,5.424102966640897,10758,30
2,all_six_stages,165,1518.9655172413793,0.6565021339728585,-24.54890896774985,10758,30
2,all_six_stages,166,1522.4137931034484,0.6341008082871405,23.19551492904388,10758,30
2,all_six_stages,167,1525.8620689655172,0.6351953691764636,-21.61365831580286,10758,30
2,all_six_stages,168,1529.310344827586,0.6421111740449841,9.85324849288078,10758,30
2,all_six_stages,169,1532.7586206896551,0.6491244048952981,-6.953605013710867,10758,30
2,all_six_stages,170,1536.2068965517242,0.6716916167021741,-23.46548792198801,10758,30
2,all_six_stages,171,1539.655172413793,0.6959007605202007,29.431351046865448,10758,30
2,all_six_stages,172,1543.103448275862,0.6893178898398867,8.890447234161394,10758,30
2,all_six_stages,173,1546.5517241379312,0.7206159453211881,-27.74017399392712,10758,30
2,all_six_stages,174,1550.0,0.7205290262901635,18.664395300479686,10758,30
2,all_six_stages,175,1553.4482758620688,0.7362648132683851,28.0344859139402,10758,30
2,all_six_stages,176,1556.896551724138,0.7367313195464236,-1.1729791082487453,10758,30
2,all_six_stages,177,1560.344827586207,0.7402450425794195,-0.0136981289724881,10758,30
2,all_six_stages,178,1563.7931034482758,0.7457112623267065,-3.885652582327645,10758,30
2,all_six_stages,179,1567.2413793103449,0.7589031337128611,9.25935291082292,10758,30
2,all_six_stages,180,1570.6896551724135,0.7756488069863537,2.98532470201858,10758,30
2,all_six_stages,181,1574.1379310344828,0.7965431679155269,11.531942913376978,10758,30
2,all_six_stages,182,1577.5862068965516,0.7674697861923213,16.545787045286517,10758,30
2,all_six_stages,183,1581.0344827586207,0.7855767326301802,-24.25379660520262,10758,30
2,all_six_stages,184,1584.4827586206898,0.7344833388645176,2.7497198451639595,10758,30
2,all_six_stages,185,1587.9310344827586,1.078933825282937,3.5694257122789748,10758,30
2,all_six_stages,186,1591.3793103448274,0.7936944839086798,-5.469013615269258,10758,30
2,all_six_stages,187,1594.8275862068965,0.704600504163979,0.3300330172673865,10758,30
2,all_six_stages,188,1598.2758620689656,0.7124273776315856,-0.6938513505076656,10758,30
2,all_six_stages,189,1601.7241379310344,0.7183716964926627,-0.5171283523128183,10758,30
2,all_six_stages,190,1605.1724137931033,0.722374071771959,5.693100325893735,10758,30
2,all_six_stages,191,1608.6206896551723,0.7231439116366974,2.7166231018171234,10758,30
2,all_six_stages,192,1612.0689655172414,0.7228826350957192,-8.287177644251537,10758,30
2,all_six_stages,193,1615.5172413793102,0.7268754200747772,12.00100507281687,10758,30
2,all_six_stages,194,1618.9655172413793,0.737774123859292,13.756048496739878,10758,30
2,all_six_stages,195,1622.4137931034484,0.7337685873478517,0.8063289487276448,10758,30
2,all_six_stages,196,1625.8620689655172,0.7822726526996355,-18.846416705236503,10758,30
2,all_six_stages,197,1629.310344827586,0.819177210010024,-11.96172678304992,10758,30
2,all_six_stages,198,1632.7586206896551,0.8031816579809193,-0.5822320847946856,10758,30
2,all_six_stages,199,1636.2068965517242,0.8516490749120103,-3.286625407769828,10758,30
2,all_six_stages,200,1639.655172413793,0.8696185890306245,-0.2932836151161614,10758,30
2,all_six_stages,201,1643.103448275862,0.9475595638771248,-1.5469878010391689,10758,30
2,all_six_stages,202,1646.5517241379312,1.0969669950306196,-0.4300865518703659,10758,30
2,all_six_stages,203,1650.0,1.3964285119037825,0.2452566476555291,10758,30
2,post_moisture_1_to_5,0,950.0,1.6921344837233117,21.93643034640816,8965,30
2,post_moisture_1_to_5,1,953.448275862069,1.5060651554595312,11.970431929309848,8965,30
2,post_moisture_1_to_5,2,956.896551724138,1.3444957631404737,-6.334072980535594,8965,30
2,post_moisture_1_to_5,3,960.3448275862067,1.2141332334506771,-5.846384488527625,8965,30
2,post_moisture_1_to_5,4,963.7931034482758,1.1527714354374972,-15.99991419618662,8965,30
2,post_moisture_1_to_5,5,967.2413793103448,1.0853069324836917,-17.34659695218283,8965,30
2,post_moisture_1_to_5,6,970.6896551724138,0.9987793061356732,-2.922771827121149,8965,30
2,post_moisture_1_to_5,7,974.1379310344828,0.9754390852338556,9.326026679519908,8965,30
2,post_moisture_1_to_5,8,977.5862068965516,0.971697649656712,-3.210285049849875,8965,30
2,post_moisture_1_to_5,9,981.0344827586208,0.9886532189029266,-3.926444252148914,8965,30
2,post_moisture_1_to_5,10,984.4827586206897,0.9026713624719942,-16.400370190499217,8965,30
2,post_moisture_1_to_5,11,987.9310344827586,0.8730517159444431,14.646404619439172,8965,30
2,post_moisture_1_to_5,12,991.3793103448276,0.9271060376905068,-28.79886697914578,8965,30
2,post_moisture_1_to_5,13,994.8275862068964,0.8633864407748758,7.43463264590585,8965,30
2,post_moisture_1_to_5,14,998.2758620689656,0.900509072218165,4.827380630552345,8965,30
2,post_moisture_1_to_5,15,1001.7241379310344,0.9195761192798426,-3.035702260975248,8965,30
2,post_moisture_1_to_5,16,1005.1724137931036,0.938851684431207,11.319649357183758,8965,30
2,post_moisture_1_to_5,17,1008.6206896551724,0.9451328311870912,27.489694647243507,8965,30
2,post_moisture_1_to_5,18,1012.0689655172414,0.8973426866963137,0.702680573105786,8965,30
2,post_moisture_1_to_5,19,1015.5172413793103,0.9117057956978154,-3.5577477355045595,8965,30
2,post_moisture_1_to_5,20,1018.9655172413792,0.9518616826031672,11.78978027419842,8965,30
2,post_moisture_1_to_5,21,1022.4137931034484,0.9045703489031266,0.3610045401276802,8965,30
2,post_moisture_1_to_5,22,1025.8620689655172,0.9009240475666548,11.367965246429096,8965,30
2,post_moisture_1_to_5,23,1029.3103448275865,0.9361670612015114,-20.33811513202693,8965,30
2,post_moisture_1_to_5,24,1032.7586206896551,0.9022836628865184,-3.764472964974624,8965,30
2,post_moisture_1_to_5,25,1036.2068965517242,0.9230934307547536,8.148684817719092,8965,30
2,post_moisture_1_to_5,26,1039.655172413793,0.9367746158792032,15.787502313102175,8965,30
2,post_moisture_1_to_5,27,1043.103448275862,0.9398428029859832,0.4512194862552054,8965,30
2,post_moisture_1_to_5,28,1046.551724137931,1.0624885659386842,-17.38629623962286,8965,30
2,post_moisture_1_to_5,29,1050.0,0.9781167639022644,-4.383592517189757,8965,30
2,post_moisture_1_to_5,30,1053.4482758620688,0.9796711214222648,-5.242516400838406,8965,30
2,post_moisture_1_to_5,31,1056.896551724138,0.9608212427832962,2.023912134344437,8965,30
2,post_moisture_1_to_5,32,1060.344827586207,0.943092588101831,-15.787428810654925,8965,30
2,post_moisture_1_to_5,33,1063.7931034482758,0.8884355979985795,0.3191328299078894,8965,30
2,post_moisture_1_to_5,34,1067.2413793103449,0.8765157429534086,8.89316964965872,8965,30
2,post_moisture_1_to_5,35,1070.6896551724135,0.8774341898647567,-5.817409427716651,8965,30
2,post_moisture_1_to_5,36,1074.1379310344828,0.8736944310682803,7.700238849072845,8965,30
2,post_moisture_1_to_5,37,1077.5862068965516,0.8585995998344532,-15.420175643304464,8965,30
2,post_moisture_1_to_5,38,1081.0344827586207,0.8426205247180418,-9.039177305173183,8965,30
2,post_moisture_1_to_5,39,1084.4827586206898,0.8395584017263078,-0.6655984968042172,8965,30
2,post_moisture_1_to_5,40,1087.9310344827586,0.8397275175439132,4.912927795088788,8965,30
2,post_moisture_1_to_5,41,1091.3793103448277,0.8819262160193663,18.680389448479698,8965,30
2,post_moisture_1_to_5,42,1094.8275862068965,0.8553761856821418,8.00325928937454,8965,30
2,post_moisture_1_to_5,43,1098.2758620689656,0.8840018218588567,-5.679093176831684,8965,30
2,post_moisture_1_to_5,44,1101.7241379310344,0.896912644741038,-3.319694845438285,8965,30
2,post_moisture_1_to_5,45,1105.1724137931035,0.8394721800108225,0.7801338724459462,8965,30
2,post_moisture_1_to_5,46,1108.6206896551723,0.911556773297132,-7.511215682515874,8965,30
2,post_moisture_1_to_5,47,1112.0689655172414,0.900738715637664,-11.283126371705697,8965,30
2,post_moisture_1_to_5,48,1115.5172413793102,1.0020758815190722,4.309466983168816,8965,30
2,post_moisture_1_to_5,49,1118.9655172413793,1.0764266486592675,4.907265373322886,8965,30
2,post_moisture_1_to_5,50,1122.4137931034484,1.1859742578551635,28.78040125296848,8965,30
2,post_moisture_1_to_5,51,1125.8620689655172,1.1891785558606969,12.65263593586472,8965,30
2,post_moisture_1_to_5,52,1129.3103448275865,1.1402049649538386,-4.107855024505579,8965,30
2,post_moisture_1_to_5,53,1132.7586206896551,1.1019659341938923,-3.94824254256706,8965,30
2,post_moisture_1_to_5,54,1136.2068965517242,1.046528625775628,5.890201183951265,8965,30
2,post_moisture_1_to_5,55,1139.655172413793,0.9708239083622164,-20.602027274638544,8965,30
2,post_moisture_1_to_5,56,1143.103448275862,0.9436164737477292,-13.353351736919434,8965,30
2,post_moisture_1_to_5,57,1146.551724137931,0.9780390902404048,3.3114928903800216,8965,30
2,post_moisture_1_to_5,58,1150.0,1.0075115510740154,11.20167807536575,8965,30
2,post_moisture_1_to_5,59,1153.4482758620688,0.9494638584332878,12.842680100171938,8965,30
2,post_moisture_1_to_5,60,1156.896551724138,0.9001774212986651,25.945646737263736,8965,30
2,post_moisture_1_to_5,61,1160.344827586207,0.9524558212564306,-18.72249173511884,8965,30
2,post_moisture_1_to_5,62,1163.7931034482758,1.0680706757367582,-30.54589021566572,8965,30
2,post_moisture_1_to_5,63,1167.2413793103449,1.139215335836948,-23.24921416801371,8965,30
2,post_moisture_1_to_5,64,1170.6896551724135,1.1024998196373783,2.532756265035148,8965,30
2,post_moisture_1_to_5,65,1174.1379310344828,1.2207833190953636,31.4088425006373,8965,30
2,post_moisture_1_to_5,66,1177.5862068965516,1.2459523883609067,44.23640973926039,8965,30
2,post_moisture_1_to_5,67,1181.0344827586207,1.1859150657688795,15.334448187579088,8965,30
2,post_moisture_1_to_5,68,1184.4827586206898,1.1597513612415593,9.267252655193658,8965,30
2,post_moisture_1_to_5,69,1187.9310344827586,1.056332736835059,3.674212809013788,8965,30
2,post_moisture_1_to_5,70,1191.3793103448274,1.087156708495595,-31.510196846770672,8965,30
2,post_moisture_1_to_5,71,1194.8275862068965,1.1269447328369862,-14.34403778357757,8965,30
2,post_moisture_1_to_5,72,1198.2758620689656,1.0792419792427104,-11.920651540644927,8965,30
2,post_moisture_1_to_5,73,1201.7241379310344,1.0626037406899045,1.410650910470633,8965,30
2,post_moisture_1_to_5,74,1205.1724137931035,0.8695761197430655,-7.763356028085276,8965,30
2,post_moisture_1_to_5,75,1208.6206896551723,0.7827491604207147,-0.2055209119856746,8965,30
2,post_moisture_1_to_5,76,1212.0689655172414,0.7907539974637557,-16.319793823840122,8965,30
2,post_moisture_1_to_5,77,1215.5172413793102,0.8011643843188478,-6.796928460222136,8965,30
2,post_moisture_1_to_5,78,1218.9655172413793,0.7867390236208304,2.053268497615396,8965,30
2,post_moisture_1_to_5,79,1222.4137931034484,0.7587448373526888,13.863382594422053,8965,30
2,post_moisture_1_to_5,80,1225.8620689655172,0.7332880647087687,23.05296526843388,8965,30
2,post_moisture_1_to_5,81,1229.310344827586,0.8284611664572559,-30.298793224265072,8965,30
2,post_moisture_1_to_5,82,1232.7586206896551,0.9256663046445764,25.583208147615263,8965,30
2,post_moisture_1_to_5,83,1236.2068965517242,0.9150626524563756,1.759001627079285,8965,30
2,post_moisture_1_to_5,84,1239.655172413793,0.8106316012999712,-4.903136551905848,8965,30
2,post_moisture_1_to_5,85,1243.103448275862,0.864273773465724,20.739962088298903,8965,30
2,post_moisture_1_to_5,86,1246.551724137931,0.97493576398945,-7.393688280471228,8965,30
2,post_moisture_1_to_5,87,1250.0,1.0325106805243818,-35.67902794688673,8965,30
2,post_moisture_1_to_5,88,1253.4482758620688,0.9991098203316828,-11.61024891485492,8965,30
2,post_moisture_1_to_5,89,1256.896551724138,0.9029031705171672,-14.51817274112451,8965,30
2,post_moisture_1_to_5,90,1260.344827586207,0.9018749423897288,0.604127551164578,8965,30
2,post_moisture_1_to_5,91,1263.7931034482758,0.8526736134452054,-25.43584992448051,8965,30
2,post_moisture_1_to_5,92,1267.2413793103449,0.9269726078287542,-19.767081134682726,8965,30
2,post_moisture_1_to_5,93,1270.6896551724135,0.8908735085632603,-12.749533525682455,8965,30
2,post_moisture_1_to_5,94,1274.1379310344828,0.944397942677144,7.93323232737343,8965,30
2,post_moisture_1_to_5,95,1277.5862068965516,0.94828642231355,-11.532539333205506,8965,30
2,post_moisture_1_to_5,96,1281.0344827586207,1.0480694590995538,15.06607569347301,8965,30
2,post_moisture_1_to_5,97,1284.4827586206898,1.0924441701589858,19.248548910237364,8965,30
2,post_moisture_1_to_5,98,1287.9310344827586,1.1493937580031686,27.20350209905234,8965,30
2,post_moisture_1_to_5,99,1291.3793103448274,1.1520984288333886,13.984271216985585,8965,30
2,post_moisture_1_to_5,100,1294.8275862068965,1.1986785142352792,30.64039282307814,8965,30
2,post_moisture_1_to_5,101,1298.2758620689656,1.2351325195509002,-9.969085494625428,8965,30
2,post_moisture_1_to_5,102,1301.7241379310344,1.1402645114496257,7.731063723129163,8965,30
2,post_moisture_1_to_5,103,1305.1724137931035,1.1707648971183473,15.290528198806667,8965,30
2,post_moisture_1_to_5,104,1308.6206896551723,1.263592961784971,-23.34654576378771,8965,30
2,post_moisture_1_to_5,105,1312.0689655172414,1.1550308173081996,11.907585581349805,8965,30
2,post_moisture_1_to_5,106,1315.5172413793102,1.053605940649345,15.986743989592522,8965,30
2,post_moisture_1_to_5,107,1318.9655172413793,1.0142499660313822,-22.326082989361154,8965,30
2,post_moisture_1_to_5,108,1322.4137931034484,0.9605548931459366,-0.8285943788838475,8965,30
2,post_moisture_1_to_5,109,1325.8620689655172,0.9026863015588148,-0.9131048904672412,8965,30
2,post_moisture_1_to_5,110,1329.310344827586,0.9433951001992352,17.361555572128836,8965,30
2,post_moisture_1_to_5,111,1332.7586206896551,0.9409609786327958,20.24110607089654,8965,30
2,post_moisture_1_to_5,112,1336.2068965517242,1.0300388507580898,7.565035549656576,8965,30
2,post_moisture_1_to_5,113,1339.655172413793,1.1350116617287036,26.961584870195797,8965,30
2,post_moisture_1_to_5,114,1343.103448275862,1.1368113166834264,-22.695569940762425,8965,30
2,post_moisture_1_to_5,115,1346.551724137931,1.1670785672922144,-15.835556770876984,8965,30
2,post_moisture_1_to_5,116,1350.0,1.098501611100575,-37.51314063033288,8965,30
2,post_moisture_1_to_5,117,1353.4482758620688,1.049317372014802,-0.3473338309325333,8965,30
2,post_moisture_1_to_5,118,1356.896551724138,1.01604579627549,-7.128544954809741,8965,30
2,post_moisture_1_to_5,119,1360.344827586207,1.0555355990711794,-15.697449513574009,8965,30
2,post_moisture_1_to_5,120,1363.7931034482758,1.096574406558776,-2.667241980516263,8965,30
2,post_moisture_1_to_5,121,1367.2413793103449,1.142971342915524,-6.973208412536848,8965,30
2,post_moisture_1_to_5,122,1370.6896551724135,1.197812808895437,-7.898601729720273,8965,30
2,post_moisture_1_to_5,123,1374.1379310344828,1.1800726866014275,14.96893018308733,8965,30
2,post_moisture_1_to_5,124,1377.5862068965516,1.278702429269987,25.34108054658255,8965,30
2,post_moisture_1_to_5,125,1381.0344827586207,1.2803773194467165,-1.4740526967090484,8965,30
2,post_moisture_1_to_5,126,1384.4827586206898,1.3049587957477506,15.695887385783283,8965,30
2,post_moisture_1_to_5,127,1387.9310344827586,1.2953092368964514,7.317022319365479,8965,30
2,post_moisture_1_to_5,128,1391.3793103448274,1.263143004041665,-5.254351932505219,8965,30
2,post_moisture_1_to_5,129,1394.8275862068965,1.2544743502128224,-8.248162813994709,8965,30
2,post_moisture_1_to_5,130,1398.2758620689656,1.2663085386343549,-19.961129272027407,8965,30
2,post_moisture_1_to_5,131,1401.7241379310344,1.196090191818145,-16.423135615613145,8965,30
2,post_moisture_1_to_5,132,1405.1724137931035,1.1552105421386152,2.1323884212526,8965,30
2,post_moisture_1_to_5,133,1408.6206896551723,1.1148638400164157,-5.871964352187577,8965,30
2,post_moisture_1_to_5,134,1412.0689655172414,1.0616296737188735,-5.671327066820116,8965,30
2,post_moisture_1_to_5,135,1415.5172413793102,1.0207608950684075,16.118788936061584,8965,30
2,post_moisture_1_to_5,136,1418.9655172413793,1.005150762084714,-7.925704535117387,8965,30
2,post_moisture_1_to_5,137,1422.4137931034484,0.977080752364909,-16.32282149509479,8965,30
2,post_moisture_1_to_5,138,1425.8620689655172,0.9679134865942746,-4.686442266411956,8965,30
2,post_moisture_1_to_5,139,1429.310344827586,0.9619762593649026,18.627134848563724,8965,30
2,post_moisture_1_to_5,140,1432.7586206896551,0.9605391539579512,-3.709444933818184,8965,30
2,post_moisture_1_to_5,141,1436.2068965517242,0.9686906485603972,-22.04784782083361,8965,30
2,post_moisture_1_to_5,142,1439.655172413793,0.893519046447603,14.724363966180896,8965,30
2,post_moisture_1_to_5,143,1443.103448275862,0.8706007025841259,4.579655579483918,8965,30
2,post_moisture_1_to_5,144,1446.551724137931,0.8368559232889257,10.79900301931749,8965,30
2,post_moisture_1_to_5,145,1450.0,0.8174038230152801,-4.659108865265664,8965,30
2,post_moisture_1_to_5,146,1453.4482758620688,0.7724874549912563,-3.826051716624837,8965,30
2,post_moisture_1_to_5,147,1456.896551724138,0.763396087054599,5.089201788763421,8965,30
2,post_moisture_1_to_5,148,1460.344827586207,0.762634922709793,-14.873776399045433,8965,30
2,post_moisture_1_to_5,149,1463.7931034482758,0.7559023952050263,10.680105784279723,8965,30
2,post_moisture_1_to_5,150,1467.2413793103449,0.7639582525308342,11.307029114575464,8965,30
2,post_moisture_1_to_5,151,1470.6896551724135,0.8548610316316803,31.58701259005953,8965,30
2,post_moisture_1_to_5,152,1474.1379310344828,0.8291060521131127,37.1874892489981,8965,30
2,post_moisture_1_to_5,153,1477.5862068965516,0.810109144679215,-9.590894301854368,8965,30
2,post_moisture_1_to_5,154,1481.0344827586207,0.8253357419433912,0.8141384926295453,8965,30
2,post_moisture_1_to_5,155,1484.4827586206898,0.8346982968242721,22.386420485793924,8965,30
2,post_moisture_1_to_5,156,1487.9310344827586,0.8626075080228888,-17.635340521687716,8965,30
2,post_moisture_1_to_5,157,1491.3793103448274,0.8350157491857624,14.697796753377215,8965,30
2,post_moisture_1_to_5,158,1494.8275862068965,0.8607171308211776,-4.743618316472408,8965,30
2,post_moisture_1_to_5,159,1498.2758620689656,0.8922399140051597,-12.450492919171303,8965,30
2,post_moisture_1_to_5,160,1501.7241379310344,0.9049121365925644,-11.234607337222943,8965,30
2,post_moisture_1_to_5,161,1505.1724137931033,0.967476672199622,-28.43124556372038,8965,30
2,post_moisture_1_to_5,162,1508.6206896551723,0.8849965449039736,-9.147493760486322,8965,30
2,post_moisture_1_to_5,163,1512.0689655172414,0.9131130755957576,-21.856407863203252,8965,30
2,post_moisture_1_to_5,164,1515.5172413793102,0.8009741688452865,8.599018654711346,8965,30
2,post_moisture_1_to_5,165,1518.9655172413793,0.8678672201797627,-34.07576534189823,8965,30
2,post_moisture_1_to_5,166,1522.4137931034484,0.7920431533837231,16.924213614698488,8965,30
2,post_moisture_1_to_5,167,1525.8620689655172,0.7968522400158776,-24.95089138972859,8965,30
2,post_moisture_1_to_5,168,1529.310344827586,0.7755243952062634,5.293532592119722,8965,30
2,post_moisture_1_to_5,169,1532.7586206896551,0.777951003688627,-4.251259978478023,8965,30
2,post_moisture_1_to_5,170,1536.2068965517242,0.8223757754886075,-23.52609549575068,8965,30
2,post_moisture_1_to_5,171,1539.655172413793,0.839137932643215,31.25759396300105,8965,30
2,post_moisture_1_to_5,172,1543.103448275862,0.8091847357513566,7.398316920701016,8965,30
2,post_moisture_1_to_5,173,1546.5517241379312,0.8543137455509903,-28.64035329062977,8965,30
2,post_moisture_1_to_5,174,1550.0,0.8389084653061658,17.31164696956702,8965,30
2,post_moisture_1_to_5,175,1553.4482758620688,0.859007534479229,28.68163995765998,8965,30
2,post_moisture_1_to_5,176,1556.896551724138,0.885488372827861,5.944869119315089,8965,30
2,post_moisture_1_to_5,177,1560.344827586207,0.8690868817314484,3.094561519637569,8965,30
2,post_moisture_1_to_5,178,1563.7931034482758,0.876193188947624,4.443005452518865,8965,30
2,post_moisture_1_to_5,179,1567.2413793103449,0.9356186648607606,16.34278621384689,8965,30
2,post_moisture_1_to_5,180,1570.6896551724135,0.9180550554111268,9.010161437202845,8965,30
2,post_moisture_1_to_5,181,1574.1379310344828,1.0114363865054812,13.770523412742934,8965,30
2,post_moisture_1_to_5,182,1577.5862068965516,0.8676429009202857,18.86552372234757,8965,30
2,post_moisture_1_to_5,183,1581.0344827586207,0.8975473090334832,-19.22381510101569,8965,30
2,post_moisture_1_to_5,184,1584.4827586206898,0.816650746172526,4.764103399879648,8965,30
2,post_moisture_1_to_5,185,1587.9310344827586,1.5404017949647255,3.875118509772764,8965,30
2,post_moisture_1_to_5,186,1591.3793103448274,0.9112587677995662,-6.903963641388264,8965,30
2,post_moisture_1_to_5,187,1594.8275862068965,0.7303974331456173,-0.9063158425648654,8965,30
2,post_moisture_1_to_5,188,1598.2758620689656,0.7652912745487527,-5.0401825766951305,8965,30
2,post_moisture_1_to_5,189,1601.7241379310344,0.7947616474802768,-7.194662313341558,8965,30
2,post_moisture_1_to_5,190,1605.1724137931033,0.7918961050219463,0.7913091357318176,8965,30
2,post_moisture_1_to_5,191,1608.6206896551723,0.7748807736987765,4.336248818909412,8965,30
2,post_moisture_1_to_5,192,1612.0689655172414,0.7963488649840925,-10.560700115281266,8965,30
2,post_moisture_1_to_5,193,1615.5172413793102,0.791196496412194,5.667225611098436,8965,30
2,post_moisture_1_to_5,194,1618.9655172413793,0.8393617728408673,5.840780610284239,8965,30
2,post_moisture_1_to_5,195,1622.4137931034484,0.8071545127387038,0.9570985140333724,8965,30
2,post_moisture_1_to_5,196,1625.8620689655172,0.9134589986749696,-12.955861261663678,8965,30
2,post_moisture_1_to_5,197,1629.310344827586,0.9856438516389264,-6.176531283961456,8965,30
2,post_moisture_1_to_5,198,1632.7586206896551,0.989545263616939,3.669006582092252,8965,30
2,post_moisture_1_to_5,199,1636.2068965517242,1.070198272323199,1.8371479823311492,8965,30
2,post_moisture_1_to_5,200,1639.655172413793,1.1021461562908972,-1.3520741684098891,8965,30
2,post_moisture_1_to_5,201,1643.103448275862,1.2269655915255773,-1.8374397229721864,8965,30
2,post_moisture_1_to_5,202,1646.5517241379312,1.5120131284994642,-4.456040703026838,8965,30
2,post_moisture_1_to_5,203,1650.0,2.1475833564083096,-2.0549194281530765,8965,30
3,all_six_stages,0,950.0,1.5922404145464346,12.332612351480442,10764,20
3,all_six_stages,1,953.448275862069,1.4680148102405524,7.687412577681566,10764,20
3,all_six_stages,2,956.896551724138,1.368553752322193,-10.582023099646255,10764,20
3,all_six_stages,3,960.3448275862067,1.293105541130673,-0.036903375007399,10764,20
3,all_six_stages,4,963.7931034482758,1.241616069907164,-10.792202684545966,10764,20
3,all_six_stages,5,967.2413793103448,1.2070366980269542,-10.61048802339626,10764,20
3,all_six_stages,6,970.6896551724138,1.1751299766703078,4.937530674492326,10764,20
3,all_six_stages,7,974.1379310344828,1.1650335357975592,3.750367871833908,10764,20
3,all_six_stages,8,977.5862068965516,1.1674537363414232,1.4674987917459394,10764,20
3,all_six_stages,9,981.0344827586208,1.1868695098752142,1.3447674308426163,10764,20
3,all_six_stages,10,984.4827586206897,1.1749707082208185,-16.671520569511898,10764,20
3,all_six_stages,11,987.9310344827586,1.176084547034623,-2.306177116340528,10764,20
3,all_six_stages,12,991.3793103448276,1.2166002027607936,-26.557994719205208,10764,20
3,all_six_stages,13,994.8275862068964,1.2005551642578791,6.828202701916052,10764,20
3,all_six_stages,14,998.2758620689656,1.220505053384248,-2.4837831376531265,10764,20
3,all_six_stages,15,1001.7241379310344,1.2412036335515764,4.950065878146766,10764,20
3,all_six_stages,16,1005.1724137931036,1.2641374369252532,14.51227263023634,10764,20
3,all_six_stages,17,1008.6206896551724,1.2872430744583991,23.8092270067574,10764,20
3,all_six_stages,18,1012.0689655172414,1.287453858504589,6.069681427998273,10764,20
3,all_six_stages,19,1015.5172413793103,1.3128236549007024,5.539730026414741,10764,20
3,all_six_stages,20,1018.9655172413792,1.3434591669290423,5.375659180851256,10764,20
3,all_six_stages,21,1022.4137931034484,1.3575938545837074,-2.4312061217784717,10764,20
3,all_six_stages,22,1025.8620689655172,1.3743341641688909,6.161991298489684,10764,20
3,all_six_stages,23,1029.3103448275865,1.397339656586085,-10.24442513387662,10764,20
3,all_six_stages,24,1032.7586206896551,1.4033691262813697,-3.2193591901515277,10764,20
3,all_six_stages,25,1036.2068965517242,1.4088673562756764,-0.4639258289103051,10764,20
3,all_six_stages,26,1039.655172413793,1.4138311175486835,14.37617140567823,10764,20
3,all_six_stages,27,1043.103448275862,1.41617299737387,4.131672279952452,10764,20
3,all_six_stages,28,1046.551724137931,1.4254914008221808,-5.199860755109159,10764,20
3,all_six_stages,29,1050.0,1.4037122908386943,-5.088915510679104,10764,20
3,all_six_stages,30,1053.4482758620688,1.3896881811589277,-9.127724753802344,10764,20
3,all_six_stages,31,1056.896551724138,1.3575483656093883,-7.154900864081048,10764,20
3,all_six_stages,32,1060.344827586207,1.336606758022172,-7.246945475278109,10764,20
3,all_six_stages,33,1063.7931034482758,1.2945923954336105,-2.7992353758182094,10764,20
3,all_six_stages,34,1067.2413793103449,1.2654653086775642,8.204825961268106,10764,20
3,all_six_stages,35,1070.6896551724135,1.2277388849903097,-2.327660270745206,10764,20
3,all_six_stages,36,1074.1379310344828,1.1861303556042675,2.4798561521567635,10764,20
3,all_six_stages,37,1077.5862068965516,1.1429991364096102,-5.745543085130024,10764,20
3,all_six_stages,38,1081.0344827586207,1.0983342988572438,-4.870594405153412,10764,20
3,all_six_stages,39,1084.4827586206898,1.057246643788472,-5.936667569019607,10764,20
3,all_six_stages,40,1087.9310344827586,1.023510798680561,7.815491282643794,10764,20
3,all_six_stages,41,1091.3793103448277,0.9993835150297437,10.84130135099034,10764,20
3,all_six_stages,42,1094.8275862068965,0.9559934838823432,-2.7730759010072186,10764,20
3,all_six_stages,43,1098.2758620689656,0.9359433163564628,0.1697346724280536,10764,20
3,all_six_stages,44,1101.7241379310344,0.9270647852204666,0.628522959914419,10764,20
3,all_six_stages,45,1105.1724137931035,0.8584546365031036,-8.84119246632703,10764,20
3,all_six_stages,46,1108.6206896551723,0.8139041069394282,-14.37601776892585,10764,20
3,all_six_stages,47,1112.0689655172414,0.7513223772845226,-16.1381079901602,10764,20
3,all_six_stages,48,1115.5172413793102,0.7700493237295228,11.93910581113883,10764,20
3,all_six_stages,49,1118.9655172413793,0.8150067997846863,15.741676710899927,10764,20
3,all_six_stages,50,1122.4137931034484,0.8405747076367931,26.64329412483085,10764,20
3,all_six_stages,51,1125.8620689655172,0.88088771118809,12.599565785911404,10764,20
3,all_six_stages,52,1129.3103448275865,0.8986610719542626,12.30236168190285,10764,20
3,all_six_stages,53,1132.7586206896551,0.8999269807905462,-5.021479766135316,10764,20
3,all_six_stages,54,1136.2068965517242,0.8563587455387814,-6.1118369552773,10764,20
3,all_six_stages,55,1139.655172413793,0.8338126803154152,-19.708167109830374,10764,20
3,all_six_stages,56,1143.103448275862,0.8114493663500115,-17.09796349670377,10764,20
3,all_six_stages,57,1146.551724137931,0.8272441889170545,-9.004608090830029,10764,20
3,all_six_stages,58,1150.0,0.8245192189073514,20.338193095113617,10764,20
3,all_six_stages,59,1153.4482758620688,0.7798180719684763,13.07813932795186,10764,20
3,all_six_stages,60,1156.896551724138,0.7696085472742966,8.886275505633847,10764,20
3,all_six_stages,61,1160.344827586207,0.786300897273222,-10.359731785868592,10764,20
3,all_six_stages,62,1163.7931034482758,0.8725450347462678,-25.252458437532088,10764,20
3,all_six_stages,63,1167.2413793103449,0.9097831335052718,-16.86570785123989,10764,20
3,all_six_stages,64,1170.6896551724135,0.9549254048406997,-4.45709239538479,10764,20
3,all_six_stages,65,1174.1379310344828,1.043290613707874,15.258311224424796,10764,20
3,all_six_stages,66,1177.5862068965516,1.0841911193207296,34.4615679480311,10764,20
3,all_six_stages,67,1181.0344827586207,1.0901365405415824,27.236435349202157,10764,20
3,all_six_stages,68,1184.4827586206898,1.0566718601652385,6.802450223919953,10764,20
3,all_six_stages,69,1187.9310344827586,1.014797916115381,4.588323438939197,10764,20
3,all_six_stages,70,1191.3793103448274,1.000523146880322,-28.06497448550797,10764,20
3,all_six_stages,71,1194.8275862068965,0.9522988050397486,-9.08894287204608,10764,20
3,all_six_stages,72,1198.2758620689656,0.9059154881262153,-12.938387420201668,10764,20
3,all_six_stages,73,1201.7241379310344,0.8632306259532501,0.048310553025002,10764,20
3,all_six_stages,74,1205.1724137931035,0.7663374723182323,1.798386829659229,10764,20
3,all_six_stages,75,1208.6206896551723,0.7232019859226441,-2.0478670922646947,10764,20
3,all_six_stages,76,1212.0689655172414,0.7072230651038022,-5.065515593076233,10764,20
3,all_six_stages,77,1215.5172413793102,0.7155809427135703,0.8297663976352048,10764,20
3,all_six_stages,78,1218.9655172413793,0.6860364047357467,2.5251363905429427,10764,20
3,all_six_stages,79,1222.4137931034484,0.6897551860920634,12.06800932806083,10764,20
3,all_six_stages,80,1225.8620689655172,0.6826861614764747,14.89845641904436,10764,20
3,all_six_stages,81,1229.310344827586,0.6938933021215297,-7.73213637817662,10764,20
3,all_six_stages,82,1232.7586206896551,0.7215779859614062,6.875223049629787,10764,20
3,all_six_stages,83,1236.2068965517242,0.7621273890973088,-6.441457817544773,10764,20
3,all_six_stages,84,1239.655172413793,0.7366058102624117,-2.625171439005607,10764,20
3,all_six_stages,85,1243.103448275862,0.7462171691119117,8.937953890792992,10764,20
3,all_six_stages,86,1246.551724137931,0.7812217475725833,-7.187957698493545,10764,20
3,all_six_stages,87,1250.0,0.8253822870139768,-27.72552649215261,10764,20
3,all_six_stages,88,1253.4482758620688,0.8295679223058169,-14.031102037693689,10764,20
3,all_six_stages,89,1256.896551724138,0.8024478051468829,-4.407107150342775,10764,20
3,all_six_stages,90,1260.344827586207,0.8319693717154201,-11.926076058879785,10764,20
3,all_six_stages,91,1263.7931034482758,0.8603331300804423,-8.29537082613609,10764,20
3,all_six_stages,92,1267.2413793103449,0.9140864895844786,-5.600004668101393,10764,20
3,all_six_stages,93,1270.6896551724135,0.9599737576385168,-15.509936647819703,10764,20
3,all_six_stages,94,1274.1379310344828,1.028662708337259,6.3270082099491605,10764,20
3,all_six_stages,95,1277.5862068965516,1.085210355538429,-2.1872549668692964,10764,20
3,all_six_stages,96,1281.0344827586207,1.1722977136584387,15.65628925614931,10764,20
3,all_six_stages,97,1284.4827586206898,1.2290695690569406,19.157337718987225,10764,20
3,all_six_stages,98,1287.9310344827586,1.3052107177825008,18.45139203662662,10764,20
3,all_six_stages,99,1291.3793103448274,1.341984954039685,13.155105848270969,10764,20
3,all_six_stages,100,1294.8275862068965,1.400914511194085,22.0458302489868,10764,20
3,all_six_stages,101,1298.2758620689656,1.4242522133330138,0.121313055527072,10764,20
3,all_six_stages,102,1301.7241379310344,1.419507716042511,1.6826561192164928,10764,20
3,all_six_stages,103,1305.1724137931035,1.4252766173113922,-0.7241274095599067,10764,20
3,all_six_stages,104,1308.6206896551723,1.4255807044492597,-11.07834657678814,10764,20
3,all_six_stages,105,1312.0689655172414,1.3803679551595265,2.376957960469812,10764,20
3,all_six_stages,106,1315.5172413793102,1.3180728730870772,1.9075363116220967,10764,20
3,all_six_stages,107,1318.9655172413793,1.2654858377695284,-14.01716757512829,10764,20
3,all_six_stages,108,1322.4137931034484,1.198080693439454,-9.415141445103895,10764,20
3,all_six_stages,109,1325.8620689655172,1.1310857803551904,-2.276650630873701,10764,20
3,all_six_stages,110,1329.310344827586,1.084200339043867,4.929625269351787,10764,20
3,all_six_stages,111,1332.7586206896551,1.0550443513519383,15.233243978284694,10764,20
3,all_six_stages,112,1336.2068965517242,1.0450568238496831,4.799863067323756,10764,20
3,all_six_stages,113,1339.655172413793,1.0655419324679185,9.647799687861635,10764,20
3,all_six_stages,114,1343.103448275862,1.0837051569061122,-4.439066610143335,10764,20
3,all_six_stages,115,1346.551724137931,1.097451268291327,-8.36053947522632,10764,20
3,all_six_stages,116,1350.0,1.0905514169329211,-12.862837138616964,10764,20
3,all_six_stages,117,1353.4482758620688,1.1212536724128106,-5.1708368561350895,10764,20
3,all_six_stages,118,1356.896551724138,1.1455284600343592,-1.7924853026258591,10764,20
3,all_six_stages,119,1360.344827586207,1.157839564672459,0.0355328351991817,10764,20
3,all_six_stages,120,1363.7931034482758,1.185575222754737,0.5393314841824268,10764,20
3,all_six_stages,121,1367.2413793103449,1.1842501829635357,0.6965172564617488,10764,20
3,all_six_stages,122,1370.6896551724135,1.1884965764158584,-4.575428593025403,10764,20
3,all_six_stages,123,1374.1379310344828,1.1886282954156024,5.134078537224987,10764,20
3,all_six_stages,124,1377.5862068965516,1.1986289192139714,12.854302516220883,10764,20
3,all_six_stages,125,1381.0344827586207,1.1798027393668873,0.7087313991963173,10764,20
3,all_six_stages,126,1384.4827586206898,1.1630654922436894,5.359026695718125,10764,20
3,all_six_stages,127,1387.9310344827586,1.1380671228798152,1.7063263828197237,10764,20
3,all_six_stages,128,1391.3793103448274,1.0960208328677778,-4.893791454848459,10764,20
3,all_six_stages,129,1394.8275862068965,1.0796612411797455,-16.171706367626257,10764,20
3,all_six_stages,130,1398.2758620689656,1.0649994433920866,-14.354967231900911,10764,20
3,all_six_stages,131,1401.7241379310344,1.0261246865664917,-14.270191213821011,10764,20
3,all_six_stages,132,1405.1724137931035,0.9880319359421016,-7.355153238383302,10764,20
3,all_six_stages,133,1408.6206896551723,0.963001717928126,-2.4671147526392803,10764,20
3,all_six_stages,134,1412.0689655172414,0.9195917743371036,1.232692086573676,10764,20
3,all_six_stages,135,1415.5172413793102,0.8995393258204457,15.865719926220914,10764,20
3,all_six_stages,136,1418.9655172413793,0.8775130978468476,5.6507821157293225,10764,20
3,all_six_stages,137,1422.4137931034484,0.8659505916568305,-6.42610439800057,10764,20
3,all_six_stages,138,1425.8620689655172,0.8539458610941678,0.3130624075536916,10764,20
3,all_six_stages,139,1429.310344827586,0.8594592780285923,12.109358039705304,10764,20
3,all_six_stages,140,1432.7586206896551,0.8401432114925125,3.206094970685333,10764,20
3,all_six_stages,141,1436.2068965517242,0.8479647496466793,-16.946146666091686,10764,20
3,all_six_stages,142,1439.655172413793,0.8013160312224805,-2.173480087832863,10764,20
3,all_six_stages,143,1443.103448275862,0.8003338799221937,3.976896572045123,10764,20
3,all_six_stages,144,1446.551724137931,0.7589069110044404,6.904666735414703,10764,20
3,all_six_stages,145,1450.0,0.7447754111190193,-9.536925115305117,10764,20
3,all_six_stages,146,1453.4482758620688,0.7165112144567509,-0.7199714016742188,10764,20
3,all_six_stages,147,1456.896551724138,0.7057201024937395,-1.5096077784257278,10764,20
3,all_six_stages,148,1460.344827586207,0.6906691317529359,-9.299674865446724,10764,20
3,all_six_stages,149,1463.7931034482758,0.6824542281832607,15.142689125239997,10764,20
3,all_six_stages,150,1467.2413793103449,0.6715799016391834,16.070867657457296,10764,20
3,all_six_stages,151,1470.6896551724135,0.6813319747324738,24.05539862368917,10764,20
3,all_six_stages,152,1474.1379310344828,0.6696101554339687,20.234725256931068,10764,20
3,all_six_stages,153,1477.5862068965516,0.6538407353014808,0.6877578382674112,10764,20
3,all_six_stages,154,1481.0344827586207,0.651539077090097,2.718100186128793,10764,20
3,all_six_stages,155,1484.4827586206898,0.6570372858993621,8.881598938170297,10764,20
3,all_six_stages,156,1487.9310344827586,0.6566001594370205,-6.291322056584868,10764,20
3,all_six_stages,157,1491.3793103448274,0.6514807597783813,2.042110408500616,10764,20
3,all_six_stages,158,1494.8275862068965,0.6560400427851871,-6.146177757558807,10764,20
3,all_six_stages,159,1498.2758620689656,0.6626475978712558,-7.965402170658022,10764,20
3,all_six_stages,160,1501.7241379310344,0.6757046546031034,-6.660585729602433,10764,20
3,all_six_stages,161,1505.1724137931033,0.6752787460199116,-13.876583529126073,10764,20
3,all_six_stages,162,1508.6206896551723,0.6643524375873616,-8.211596361485084,10764,20
3,all_six_stages,163,1512.0689655172414,0.6827634560564426,-26.831459729232005,10764,20
3,all_six_stages,164,1515.5172413793102,0.6399782079091604,-3.228462598734481,10764,20
3,all_six_stages,165,1518.9655172413793,0.6607004016643057,-14.27282499492409,10764,20
3,all_six_stages,166,1522.4137931034484,0.6382567812706125,8.543915966565947,10764,20
3,all_six_stages,167,1525.8620689655172,0.6432010753376274,-7.455390835377234,10764,20
3,all_six_stages,168,1529.310344827586,0.6552488518602464,6.885365355034939,10764,20
3,all_six_stages,169,1532.7586206896551,0.6597047684073107,-2.6070250942555004,10764,20
3,all_six_stages,170,1536.2068965517242,0.674946838091195,-8.470912061164373,10764,20
3,all_six_stages,171,1539.655172413793,0.6981696340684966,13.938894513829272,10764,20
3,all_six_stages,172,1543.103448275862,0.6947223113697009,4.051606093196876,10764,20
3,all_six_stages,173,1546.5517241379312,0.7208883356223666,-11.08283719654444,10764,20
3,all_six_stages,174,1550.0,0.7219390528217713,12.163257760471245,10764,20
3,all_six_stages,175,1553.4482758620688,0.7463395642935448,19.71445563458043,10764,20
3,all_six_stages,176,1556.896551724138,0.7372185686252302,1.3877178717279168,10764,20
3,all_six_stages,177,1560.344827586207,0.7407800400113119,2.115452152018777,10764,20
3,all_six_stages,178,1563.7931034482758,0.7413741357678478,1.478751991593198,10764,20
3,all_six_stages,179,1567.2413793103449,0.7560397736014461,10.744687675137024,10764,20
3,all_six_stages,180,1570.6896551724135,0.7709493590444454,2.6473731554137627,10764,20
3,all_six_stages,181,1574.1379310344828,0.7934079423869101,7.910321777782427,10764,20
3,all_six_stages,182,1577.5862068965516,0.7465001520874142,2.4093011515003697,10764,20
3,all_six_stages,183,1581.0344827586207,0.7730581066463436,-14.543978791211009,10764,20
3,all_six_stages,184,1584.4827586206898,0.7296443775022036,4.585956647629422,10764,20
3,all_six_stages,185,1587.9310344827586,0.976523868176244,8.771796085726326,10764,20
3,all_six_stages,186,1591.3793103448274,0.7732529644732188,-10.643437385264043,10764,20
3,all_six_stages,187,1594.8275862068965,0.7059640659250634,-4.532087751389097,10764,20
3,all_six_stages,188,1598.2758620689656,0.707757356196595,3.033444498848639,10764,20
3,all_six_stages,189,1601.7241379310344,0.7118102153521734,1.9994057776667429,10764,20
3,all_six_stages,190,1605.1724137931033,0.7216614505027903,5.418134561616903,10764,20
3,all_six_stages,191,1608.6206896551723,0.724161066401138,0.6558979168561321,10764,20
3,all_six_stages,192,1612.0689655172414,0.7213577060780075,-1.787579521923885,10764,20
3,all_six_stages,193,1615.5172413793102,0.7266971149066436,7.436331843127959,10764,20
3,all_six_stages,194,1618.9655172413793,0.7380986758797865,6.752350743609934,10764,20
3,all_six_stages,195,1622.4137931034484,0.7380416968425269,0.4111633558862717,10764,20
3,all_six_stages,196,1625.8620689655172,0.7936817855525786,-19.400135970534272,10764,20
3,all_six_stages,197,1629.310344827586,0.8094431277072199,-8.446132409606086,10764,20
3,all_six_stages,198,1632.7586206896551,0.8124360382003499,-2.4474663826311494,10764,20
3,all_six_stages,199,1636.2068965517242,0.8552809076958248,-5.721025304946736,10764,20
3,all_six_stages,200,1639.655172413793,0.8683337564362607,4.039454190699219,10764,20
3,all_six_stages,201,1643.103448275862,0.9530289467881784,1.963710723175748,10764,20
3,all_six_stages,202,1646.5517241379312,1.0919005594178963,1.5174290117177665,10764,20
3,all_six_stages,203,1650.0,1.373244404102766,-3.055980587594276,10764,20
3,post_moisture_1_to_5,0,950.0,1.7030503330936289,21.730546616104355,8970,20
3,post_moisture_1_to_5,1,953.448275862069,1.5066132404704902,12.443334105251989,8970,20
3,post_moisture_1_to_5,2,956.896551724138,1.3552433942397857,-10.858497555713017,8970,20
3,post_moisture_1_to_5,3,960.3448275862067,1.2188079607956577,-8.36365199112241,8970,20
3,post_moisture_1_to_5,4,963.7931034482758,1.1523608829781526,-14.103304422740708,8970,20
3,post_moisture_1_to_5,5,967.2413793103448,1.090497475669297,-9.26149798540437,8970,20
3,post_moisture_1_to_5,6,970.6896551724138,1.0184873513585422,-0.5832528138135682,8970,20
3,post_moisture_1_to_5,7,974.1379310344828,0.992510839310958,1.843204252547116,8970,20
3,post_moisture_1_to_5,8,977.5862068965516,0.9946107415576104,0.1183192222900604,8970,20
3,post_moisture_1_to_5,9,981.0344827586208,1.0104760352815616,0.2701771089150409,8970,20
3,post_moisture_1_to_5,10,984.4827586206897,0.9363465852012516,-17.988022192907653,8970,20
3,post_moisture_1_to_5,11,987.9310344827586,0.8977838517768595,1.9149163082529197,8970,20
3,post_moisture_1_to_5,12,991.3793103448276,0.9552373342156378,-25.80475002410341,8970,20
3,post_moisture_1_to_5,13,994.8275862068964,0.889878748225386,7.376999976012396,8970,20
3,post_moisture_1_to_5,14,998.2758620689656,0.9249356805912996,-1.0693166165238732,8970,20
3,post_moisture_1_to_5,15,1001.7241379310344,0.9240702756389504,5.641908450465303,8970,20
3,post_moisture_1_to_5,16,1005.1724137931036,0.9552970642922906,12.549771148533775,8970,20
3,post_moisture_1_to_5,17,1008.6206896551724,0.9493902630994944,22.559494942468447,8970,20
3,post_moisture_1_to_5,18,1012.0689655172414,0.9010466825088326,5.636623121582584,8970,20
3,post_moisture_1_to_5,19,1015.5172413793103,0.917964138270432,4.696943110444621,8970,20
3,post_moisture_1_to_5,20,1018.9655172413792,0.9623711165501854,6.504558615839343,8970,20
3,post_moisture_1_to_5,21,1022.4137931034484,0.9380882451585356,-1.2127738415331608,8970,20
3,post_moisture_1_to_5,22,1025.8620689655172,0.9322409718555716,7.416406256395467,8970,20
3,post_moisture_1_to_5,23,1029.3103448275865,0.9615449945887512,-11.02657951384024,8970,20
3,post_moisture_1_to_5,24,1032.7586206896551,0.9208465125440894,-2.510844033280792,8970,20
3,post_moisture_1_to_5,25,1036.2068965517242,0.942533967785438,1.9273212859134945,8970,20
3,post_moisture_1_to_5,26,1039.655172413793,0.9737027119574432,16.432908274208238,8970,20
3,post_moisture_1_to_5,27,1043.103448275862,0.9748920301673936,2.804492015943179,8970,20
3,post_moisture_1_to_5,28,1046.551724137931,1.0885568758784967,-10.876552959796744,8970,20
3,post_moisture_1_to_5,29,1050.0,1.0117610998924165,-3.0375919167826515,8970,20
3,post_moisture_1_to_5,30,1053.4482758620688,1.0212952131958952,-6.182521647946528,8970,20
3,post_moisture_1_to_5,31,1056.896551724138,1.00258904251696,-9.196212104162615,8970,20
3,post_moisture_1_to_5,32,1060.344827586207,0.9716141170070792,-10.69617345663,8970,20
3,post_moisture_1_to_5,33,1063.7931034482758,0.9211607152761372,-6.045858648853464,8970,20
3,post_moisture_1_to_5,34,1067.2413793103449,0.9019072517993074,7.501105314066292,8970,20
3,post_moisture_1_to_5,35,1070.6896551724135,0.8957501897612047,-3.8291056305934896,8970,20
3,post_moisture_1_to_5,36,1074.1379310344828,0.8933258133916239,2.0508574952996046,8970,20
3,post_moisture_1_to_5,37,1077.5862068965516,0.8693548824477474,-2.195217899766432,8970,20
3,post_moisture_1_to_5,38,1081.0344827586207,0.8549211016057662,-5.118661988408746,8970,20
3,post_moisture_1_to_5,39,1084.4827586206898,0.8515667086555319,-1.887768114965708,8970,20
3,post_moisture_1_to_5,40,1087.9310344827586,0.843539060413787,4.800066753312025,8970,20
3,post_moisture_1_to_5,41,1091.3793103448277,0.8835911802126201,16.66671408934468,8970,20
3,post_moisture_1_to_5,42,1094.8275862068965,0.8332762723715089,-0.4054478669952748,8970,20
3,post_moisture_1_to_5,43,1098.2758620689656,0.8687869313953543,-1.2656644318827843,8970,20
3,post_moisture_1_to_5,44,1101.7241379310344,0.8667743595518955,0.8416026585231804,8970,20
3,post_moisture_1_to_5,45,1105.1724137931035,0.8092815201259415,1.2296871403236442,8970,20
3,post_moisture_1_to_5,46,1108.6206896551723,0.8813403036049107,-10.494874869618949,8970,20
3,post_moisture_1_to_5,47,1112.0689655172414,0.8730220553527712,-19.98541041694743,8970,20
3,post_moisture_1_to_5,48,1115.5172413793102,0.952841372291609,6.801025226702048,8970,20
3,post_moisture_1_to_5,49,1118.9655172413793,1.0180775393719657,8.877153351829111,8970,20
3,post_moisture_1_to_5,50,1122.4137931034484,1.1179951810260371,21.046289689421823,8970,20
3,post_moisture_1_to_5,51,1125.8620689655172,1.129398056121529,9.785741128402409,8970,20
3,post_moisture_1_to_5,52,1129.3103448275865,1.1064363579092622,7.733093114272748,8970,20
3,post_moisture_1_to_5,53,1132.7586206896551,1.0562386717848724,-0.7223849161783799,8970,20
3,post_moisture_1_to_5,54,1136.2068965517242,1.0269917252230156,-2.6580822913624447,8970,20
3,post_moisture_1_to_5,55,1139.655172413793,0.9674807359017684,-18.96964127870316,8970,20
3,post_moisture_1_to_5,56,1143.103448275862,0.937078694890714,-19.39009450327959,8970,20
3,post_moisture_1_to_5,57,1146.551724137931,0.9604594864234924,-1.5074845048689125,8970,20
3,post_moisture_1_to_5,58,1150.0,1.024105619079246,23.566046894289943,8970,20
3,post_moisture_1_to_5,59,1153.4482758620688,0.957110554282429,19.394030013257236,8970,20
3,post_moisture_1_to_5,60,1156.896551724138,0.933842864045522,14.537695746329677,8970,20
3,post_moisture_1_to_5,61,1160.344827586207,0.9418780887595056,-9.831900966372892,8970,20
3,post_moisture_1_to_5,62,1163.7931034482758,1.0980224802792318,-30.676880535232428,8970,20
3,post_moisture_1_to_5,63,1167.2413793103449,1.143260171843289,-23.152934592746437,8970,20
3,post_moisture_1_to_5,64,1170.6896551724135,1.102951725440773,-1.3215806762531033,8970,20
3,post_moisture_1_to_5,65,1174.1379310344828,1.1953602213214416,17.779474210909875,8970,20
3,post_moisture_1_to_5,66,1177.5862068965516,1.2365338863519963,39.663246911519856,8970,20
3,post_moisture_1_to_5,67,1181.0344827586207,1.1933147971271232,30.16100548845152,8970,20
3,post_moisture_1_to_5,68,1184.4827586206898,1.169638893081459,6.357559827387357,8970,20
3,post_moisture_1_to_5,69,1187.9310344827586,1.0618056142519865,2.57948487661743,8970,20
3,post_moisture_1_to_5,70,1191.3793103448274,1.109902997548664,-29.876126807957416,8970,20
3,post_moisture_1_to_5,71,1194.8275862068965,1.0722118015908275,-13.12282604228184,8970,20
3,post_moisture_1_to_5,72,1198.2758620689656,1.026460615736508,-8.483425544773889,8970,20
3,post_moisture_1_to_5,73,1201.7241379310344,1.0213713787659378,-3.2186179551932503,8970,20
3,post_moisture_1_to_5,74,1205.1724137931035,0.8202207574743335,0.556684944877988,8970,20
3,post_moisture_1_to_5,75,1208.6206896551723,0.7546787065861487,-4.044658502800323,8970,20
3,post_moisture_1_to_5,76,1212.0689655172414,0.7569000247522222,-13.869046038911929,8970,20
3,post_moisture_1_to_5,77,1215.5172413793102,0.7873500769918271,-3.981305708418052,8970,20
3,post_moisture_1_to_5,78,1218.9655172413793,0.7717317011385785,5.643677930661079,8970,20
3,post_moisture_1_to_5,79,1222.4137931034484,0.7504267406573528,6.463734087803629,8970,20
3,post_moisture_1_to_5,80,1225.8620689655172,0.7225845511544265,14.943555140941037,8970,20
3,post_moisture_1_to_5,81,1229.310344827586,0.8139051285876039,-8.144723012291747,8970,20
3,post_moisture_1_to_5,82,1232.7586206896551,0.8999466586147558,9.653739576838722,8970,20
3,post_moisture_1_to_5,83,1236.2068965517242,0.9132492037174658,-4.061335190442176,8970,20
3,post_moisture_1_to_5,84,1239.655172413793,0.797774553955222,-4.901452432391176,8970,20
3,post_moisture_1_to_5,85,1243.103448275862,0.8495374030039385,12.786183255155809,8970,20
3,post_moisture_1_to_5,86,1246.551724137931,0.9373186599829147,2.0167763517018185,8970,20
3,post_moisture_1_to_5,87,1250.0,1.0128345209340557,-25.836189745664868,8970,20
3,post_moisture_1_to_5,88,1253.4482758620688,1.0027809688068572,-21.098047517179666,8970,20
3,post_moisture_1_to_5,89,1256.896551724138,0.8967161261577641,-12.336028201147158,8970,20
3,post_moisture_1_to_5,90,1260.344827586207,0.8780039043869927,-8.788990587163193,8970,20
3,post_moisture_1_to_5,91,1263.7931034482758,0.854205822806851,-13.928321479486662,8970,20
3,post_moisture_1_to_5,92,1267.2413793103449,0.9035078775148004,-15.314253506540071,8970,20
3,post_moisture_1_to_5,93,1270.6896551724135,0.9123869815501848,-20.43319349766073,8970,20
3,post_moisture_1_to_5,94,1274.1379310344828,0.953675368484454,5.39958508628316,8970,20
3,post_moisture_1_to_5,95,1277.5862068965516,0.9711967206752368,-3.9745734831515103,8970,20
3,post_moisture_1_to_5,96,1281.0344827586207,1.0756506082124349,15.70135677991877,8970,20
3,post_moisture_1_to_5,97,1284.4827586206898,1.097314962303653,19.600117122619896,8970,20
3,post_moisture_1_to_5,98,1287.9310344827586,1.171649737798696,18.503036031386657,8970,20
3,post_moisture_1_to_5,99,1291.3793103448274,1.184443382704158,19.45470742794687,8970,20
3,post_moisture_1_to_5,100,1294.8275862068965,1.2370870640794134,25.26928506979227,8970,20
3,post_moisture_1_to_5,101,1298.2758620689656,1.255771804305895,2.5541841280591413,8970,20
3,post_moisture_1_to_5,102,1301.7241379310344,1.1728631962796172,8.995618332253414,8970,20
3,post_moisture_1_to_5,103,1305.1724137931035,1.1817912773007042,5.74306071106548,8970,20
3,post_moisture_1_to_5,104,1308.6206896551723,1.238165494068468,-5.520280160284168,8970,20
3,post_moisture_1_to_5,105,1312.0689655172414,1.1480406981770783,5.981154595539175,8970,20
3,post_moisture_1_to_5,106,1315.5172413793102,1.048579482563906,4.4226025948800585,8970,20
3,post_moisture_1_to_5,107,1318.9655172413793,1.0026944822684511,-15.195051576541312,8970,20
3,post_moisture_1_to_5,108,1322.4137931034484,0.965106190932966,-5.007095421202731,8970,20
3,post_moisture_1_to_5,109,1325.8620689655172,0.9072866273920998,4.59300850067365,8970,20
3,post_moisture_1_to_5,110,1329.310344827586,0.9425060567063012,12.092685440943178,8970,20
3,post_moisture_1_to_5,111,1332.7586206896551,0.9287873384957656,14.810576053412277,8970,20
3,post_moisture_1_to_5,112,1336.2068965517242,1.036609780522593,7.959854092506758,8970,20
3,post_moisture_1_to_5,113,1339.655172413793,1.145017378298295,17.021077406963258,8970,20
3,post_moisture_1_to_5,114,1343.103448275862,1.170394957225854,-12.57001576840727,8970,20
3,post_moisture_1_to_5,115,1346.551724137931,1.1904122158874717,-16.599814164375893,8970,20
3,post_moisture_1_to_5,116,1350.0,1.0959510005205924,-29.932131446994447,8970,20
3,post_moisture_1_to_5,117,1353.4482758620688,1.0543050941441117,-9.547051153791667,8970,20
3,post_moisture_1_to_5,118,1356.896551724138,1.0115255184215015,-1.8079697645260635,8970,20
3,post_moisture_1_to_5,119,1360.344827586207,1.0516762480637498,-10.415667836620583,8970,20
3,post_moisture_1_to_5,120,1363.7931034482758,1.0909745015819658,-8.350116241241585,8970,20
3,post_moisture_1_to_5,121,1367.2413793103449,1.125543445989491,-6.0403800298534165,8970,20
3,post_moisture_1_to_5,122,1370.6896551724135,1.1887053699003207,-4.896793784937124,8970,20
3,post_moisture_1_to_5,123,1374.1379310344828,1.2039650859977211,11.570762538771312,8970,20
3,post_moisture_1_to_5,124,1377.5862068965516,1.2884196951471834,18.950698509253293,8970,20
3,post_moisture_1_to_5,125,1381.0344827586207,1.3051746545338332,7.046522376534122,8970,20
3,post_moisture_1_to_5,126,1384.4827586206898,1.323105688064648,11.321940044268764,8970,20
3,post_moisture_1_to_5,127,1387.9310344827586,1.3188984916557656,8.456617590750271,8970,20
3,post_moisture_1_to_5,128,1391.3793103448274,1.2848815628025865,-0.3757098625123845,8970,20
3,post_moisture_1_to_5,129,1394.8275862068965,1.2859421841748255,-12.719134786990768,8970,20
3,post_moisture_1_to_5,130,1398.2758620689656,1.2889922217693317,-14.03604944457976,8970,20
3,post_moisture_1_to_5,131,1401.7241379310344,1.218148345837485,-16.472743192154702,8970,20
3,post_moisture_1_to_5,132,1405.1724137931035,1.1724037736104604,-5.339122468399812,8970,20
3,post_moisture_1_to_5,133,1408.6206896551723,1.1303787317681242,-5.989287564711075,8970,20
3,post_moisture_1_to_5,134,1412.0689655172414,1.0744005888853958,-2.608620562762359,8970,20
3,post_moisture_1_to_5,135,1415.5172413793102,1.0355950745356202,11.048854046938995,8970,20
3,post_moisture_1_to_5,136,1418.9655172413793,1.024490699987126,0.1659761719634738,8970,20
3,post_moisture_1_to_5,137,1422.4137931034484,0.9894903255207236,-9.674521183232144,8970,20
3,post_moisture_1_to_5,138,1425.8620689655172,0.9884657584913334,-5.23448215295076,8970,20
3,post_moisture_1_to_5,139,1429.310344827586,0.9815364441378572,10.348701576664082,8970,20
3,post_moisture_1_to_5,140,1432.7586206896551,0.9759206853456132,1.0015504342900627,8970,20
3,post_moisture_1_to_5,141,1436.2068965517242,0.9794085943838018,-11.74764916754373,8970,20
3,post_moisture_1_to_5,142,1439.655172413793,0.9022221218691644,4.012685189805417,8970,20
3,post_moisture_1_to_5,143,1443.103448275862,0.8885076150968008,5.19355944509754,8970,20
3,post_moisture_1_to_5,144,1446.551724137931,0.8434138168233084,7.179210487486928,8970,20
3,post_moisture_1_to_5,145,1450.0,0.8309210647637342,-6.411852322510392,8970,20
3,post_moisture_1_to_5,146,1453.4482758620688,0.7764174670338255,-4.298140853538265,8970,20
3,post_moisture_1_to_5,147,1456.896551724138,0.7826363725758679,-0.3852706176699521,8970,20
3,post_moisture_1_to_5,148,1460.344827586207,0.7784056131762208,-9.59229811316899,8970,20
3,post_moisture_1_to_5,149,1463.7931034482758,0.7790025804994708,13.599609108451125,8970,20
3,post_moisture_1_to_5,150,1467.2413793103449,0.7700369539954324,14.433966477674748,8970,20
3,post_moisture_1_to_5,151,1470.6896551724135,0.8415808886064837,28.92238795972461,8970,20
3,post_moisture_1_to_5,152,1474.1379310344828,0.8193473166507308,23.31865630075744,8970,20
3,post_moisture_1_to_5,153,1477.5862068965516,0.8200876099590504,-0.7485384154640116,8970,20
3,post_moisture_1_to_5,154,1481.0344827586207,0.830120052211272,3.5560210637744287,8970,20
3,post_moisture_1_to_5,155,1484.4827586206898,0.8488630551625859,6.87670729425496,8970,20
3,post_moisture_1_to_5,156,1487.9310344827586,0.8836276750378655,-3.6606563679294326,8970,20
3,post_moisture_1_to_5,157,1491.3793103448274,0.8491683887150281,8.653942572544354,8970,20
3,post_moisture_1_to_5,158,1494.8275862068965,0.8635580069549762,-4.749939394434357,8970,20
3,post_moisture_1_to_5,159,1498.2758620689656,0.9019675634208651,-12.214425886954317,8970,20
3,post_moisture_1_to_5,160,1501.7241379310344,0.906677668770081,-8.189261788996289,8970,20
3,post_moisture_1_to_5,161,1505.1724137931033,0.9534644935344162,-21.0323760418091,8970,20
3,post_moisture_1_to_5,162,1508.6206896551723,0.8856916312113194,-11.286082053249975,8970,20
3,post_moisture_1_to_5,163,1512.0689655172414,0.940902392257559,-26.137197862016148,8970,20
3,post_moisture_1_to_5,164,1515.5172413793102,0.8234503350527039,-1.094213551747483,8970,20
3,post_moisture_1_to_5,165,1518.9655172413793,0.8684729433527538,-20.801127912347017,8970,20
3,post_moisture_1_to_5,166,1522.4137931034484,0.7991688539789281,3.538457262547253,8970,20
3,post_moisture_1_to_5,167,1525.8620689655172,0.8095703092205085,-12.087530207146614,8970,20
3,post_moisture_1_to_5,168,1529.310344827586,0.796672605144597,4.376625416460396,8970,20
3,post_moisture_1_to_5,169,1532.7586206896551,0.7891620581264063,-3.269419100023604,8970,20
3,post_moisture_1_to_5,170,1536.2068965517242,0.8166854239792807,-9.26908915059808,8970,20
3,post_moisture_1_to_5,171,1539.655172413793,0.836333332143524,17.635835704775086,8970,20
3,post_moisture_1_to_5,172,1543.103448275862,0.8182836145417369,5.562441993664425,8970,20
3,post_moisture_1_to_5,173,1546.5517241379312,0.8465463267818433,-13.405216314348172,8970,20
3,post_moisture_1_to_5,174,1550.0,0.8363399511287347,9.819343359879202,8970,20
3,post_moisture_1_to_5,175,1553.4482758620688,0.8812728540189134,19.482817242890786,8970,20
3,post_moisture_1_to_5,176,1556.896551724138,0.8767045381742948,7.823148281476536,8970,20
3,post_moisture_1_to_5,177,1560.344827586207,0.8709728043485232,6.4737561653648825,8970,20
3,post_moisture_1_to_5,178,1563.7931034482758,0.8656611738105012,7.167506243580325,8970,20
3,post_moisture_1_to_5,179,1567.2413793103449,0.9217961971964218,19.68340293655533,8970,20
3,post_moisture_1_to_5,180,1570.6896551724135,0.9055270547520158,3.4451316835793,8970,20
3,post_moisture_1_to_5,181,1574.1379310344828,0.9950346054906326,12.372525481437746,8970,20
3,post_moisture_1_to_5,182,1577.5862068965516,0.8408928174037985,7.258965087697016,8970,20
3,post_moisture_1_to_5,183,1581.0344827586207,0.8775936837763662,-14.057943351726042,8970,20
3,post_moisture_1_to_5,184,1584.4827586206898,0.8167040374063775,8.672788096024062,8970,20
3,post_moisture_1_to_5,185,1587.9310344827586,1.2480725375419872,8.324084378898302,8970,20
3,post_moisture_1_to_5,186,1591.3793103448274,0.8494963682873434,-12.230257252466954,8970,20
3,post_moisture_1_to_5,187,1594.8275862068965,0.7300898637553339,-4.475660608435486,8970,20
3,post_moisture_1_to_5,188,1598.2758620689656,0.7630685632642265,-1.3571855059397888,8970,20
3,post_moisture_1_to_5,189,1601.7241379310344,0.7738901430719609,-4.902518974831468,8970,20
3,post_moisture_1_to_5,190,1605.1724137931033,0.7972328584861526,2.7479268401527435,8970,20
3,post_moisture_1_to_5,191,1608.6206896551723,0.7766351991989169,0.0540674528013475,8970,20
3,post_moisture_1_to_5,192,1612.0689655172414,0.7928833945181157,-4.638128702541713,8970,20
3,post_moisture_1_to_5,193,1615.5172413793102,0.7943796686348912,2.2749270704812607,8970,20
3,post_moisture_1_to_5,194,1618.9655172413793,0.8526005309375851,1.9076692155323869,8970,20
3,post_moisture_1_to_5,195,1622.4137931034484,0.8101860773838695,2.127576257102255,8970,20
3,post_moisture_1_to_5,196,1625.8620689655172,0.9158863712370158,-15.556611720110528,8970,20
3,post_moisture_1_to_5,197,1629.310344827586,0.9596852059077136,-3.409188551536936,8970,20
3,post_moisture_1_to_5,198,1632.7586206896551,0.9807403480267246,0.5877400497172063,8970,20
3,post_moisture_1_to_5,199,1636.2068965517242,1.0572645673353742,-0.9100658444579808,8970,20
3,post_moisture_1_to_5,200,1639.655172413793,1.0805954076643716,3.383015020085316,8970,20
3,post_moisture_1_to_5,201,1643.103448275862,1.2102843997660346,0.9001698160236994,8970,20
3,post_moisture_1_to_5,202,1646.5517241379312,1.4932616278084292,-2.434568160806166,8970,20
3,post_moisture_1_to_5,203,1650.0,2.0961531429894795,-4.858782435059409,8970,20
4,all_six_stages,0,950.0,1.5694493334432602,10.472196649280946,10764,20
4,all_six_stages,1,953.448275862069,1.4504239852212042,8.186180517172756,10764,20
4,all_six_stages,2,956.896551724138,1.3486921444367288,-8.711929922356296,10764,20
4,all_six_stages,3,960.3448275862067,1.2757808725687614,0.5566200045394992,10764,20
4,all_six_stages,4,963.7931034482758,1.226113979804552,-7.570917167573818,10764,20
4,all_six_stages,5,967.2413793103448,1.197269967248754,-19.072794598700945,10764,20
4,all_six_stages,6,970.6896551724138,1.163034175219663,5.982468390968699,10764,20
4,all_six_stages,7,974.1379310344828,1.1558102647798305,10.093082964119812,10764,20
4,all_six_stages,8,977.5862068965516,1.1602353166538697,-0.9491640377046234,10764,20
4,all_six_stages,9,981.0344827586208,1.1819706037562865,2.437498484422412,10764,20
4,all_six_stages,10,984.4827586206897,1.167321407736748,-14.252313392967183,10764,20
4,all_six_stages,11,987.9310344827586,1.1725821048747964,-0.6154358307326377,10764,20
4,all_six_stages,12,991.3793103448276,1.2176427189633978,-28.425693216603268,10764,20
4,all_six_stages,13,994.8275862068964,1.1962501487260446,2.611076343387497,10764,20
4,all_six_stages,14,998.2758620689656,1.217928770885755,0.8422619689954205,10764,20
4,all_six_stages,15,1001.7241379310344,1.2420861898801752,1.5973085046993696,10764,20
4,all_six_stages,16,1005.1724137931036,1.2649164030232658,14.37710604866142,10764,20
4,all_six_stages,17,1008.6206896551724,1.2900848990496727,24.551596921133864,10764,20
4,all_six_stages,18,1012.0689655172414,1.2901666886947416,6.679167694110889,10764,20
4,all_six_stages,19,1015.5172413793103,1.3165103609360838,2.644200258692069,10764,20
4,all_six_stages,20,1018.9655172413792,1.3464292447853747,4.489036430737081,10764,20
4,all_six_stages,21,1022.4137931034484,1.3567264807552983,0.991158166909089,10764,20
4,all_six_stages,22,1025.8620689655172,1.373091165874871,4.81630093587313,10764,20
4,all_six_stages,23,1029.3103448275865,1.394525613242687,-6.075682127032405,10764,20
4,all_six_stages,24,1032.7586206896551,1.4066952879158612,-9.206013139518497,10764,20
4,all_six_stages,25,1036.2068965517242,1.40946931829477,0.8335415990761399,10764,20
4,all_six_stages,26,1039.655172413793,1.4179625633493664,15.720436823227791,10764,20
4,all_six_stages,27,1043.103448275862,1.4186981952910358,2.045345528189395,10764,20
4,all_six_stages,28,1046.551724137931,1.4329697575723308,-4.946946397279561,10764,20
4,all_six_stages,29,1050.0,1.4118825556174317,-9.62211532516924,10764,20
4,all_six_stages,30,1053.4482758620688,1.3949368096174743,-11.60582463284215,10764,20
4,all_six_stages,31,1056.896551724138,1.3561653574404795,-2.0378027077994108,10764,20
4,all_six_stages,32,1060.344827586207,1.3362021575712206,-7.002680877322224,10764,20
4,all_six_stages,33,1063.7931034482758,1.294409801092531,-0.4819380917933136,10764,20
4,all_six_stages,34,1067.2413793103449,1.2674576648797635,8.908625880957398,10764,20
4,all_six_stages,35,1070.6896551724135,1.224640747789332,-2.402320925442518,10764,20
4,all_six_stages,36,1074.1379310344828,1.1812688594307923,5.90357376489331,10764,20
4,all_six_stages,37,1077.5862068965516,1.138791756640442,-7.911746105369906,10764,20
4,all_six_stages,38,1081.0344827586207,1.0920894985423155,-7.223516912987348,10764,20
4,all_six_stages,39,1084.4827586206898,1.0500633060406772,-8.135526065806243,10764,20
4,all_six_stages,40,1087.9310344827586,1.0178478809672598,9.844958512856378,10764,20
4,all_six_stages,41,1091.3793103448277,0.9954654851824576,10.92214339135231,10764,20
4,all_six_stages,42,1094.8275862068965,0.954880694589188,4.076547394478937,10764,20
4,all_six_stages,43,1098.2758620689656,0.9305229869550292,-3.435102730170501,10764,20
4,all_six_stages,44,1101.7241379310344,0.9308967779068268,0.4222435199523811,10764,20
4,all_six_stages,45,1105.1724137931035,0.854606328422179,-12.167015254218658,10764,20
4,all_six_stages,46,1108.6206896551723,0.8067289321619726,-13.671441129885109,10764,20
4,all_six_stages,47,1112.0689655172414,0.7450914146964899,-11.184766753184862,10764,20
4,all_six_stages,48,1115.5172413793102,0.7716322319862312,10.215187845457637,10764,20
4,all_six_stages,49,1118.9655172413793,0.817279551277363,17.586373380584657,10764,20
4,all_six_stages,50,1122.4137931034484,0.8440145402079445,25.526971037585763,10764,20
4,all_six_stages,51,1125.8620689655172,0.8842937940072303,14.829046438657734,10764,20
4,all_six_stages,52,1129.3103448275865,0.8920864432626681,7.552425412791752,10764,20
4,all_six_stages,53,1132.7586206896551,0.9004142115664018,-3.5678679835987603,10764,20
4,all_six_stages,54,1136.2068965517242,0.8623811487947664,-10.07001169288781,10764,20
4,all_six_stages,55,1139.655172413793,0.8264262311440543,-17.241527654521438,10764,20
4,all_six_stages,56,1143.103448275862,0.8190740519439148,-11.18337953578048,10764,20
4,all_six_stages,57,1146.551724137931,0.828508531499099,-10.550478007229945,10764,20
4,all_six_stages,58,1150.0,0.8217649538915194,15.20768175310656,10764,20
4,all_six_stages,59,1153.4482758620688,0.7796928491170778,8.701429258090943,10764,20
4,all_six_stages,60,1156.896551724138,0.7568458259442633,10.148345843081598,10764,20
4,all_six_stages,61,1160.344827586207,0.7860896009549064,-11.763700496949788,10764,20
4,all_six_stages,62,1163.7931034482758,0.8635023386366181,-25.166737831012625,10764,20
4,all_six_stages,63,1167.2413793103449,0.9183915259518484,-18.36640902987598,10764,20
4,all_six_stages,64,1170.6896551724135,0.9684673248094104,-0.7270642486778571,10764,20
4,all_six_stages,65,1174.1379310344828,1.0650695914708224,23.25054835406696,10764,20
4,all_six_stages,66,1177.5862068965516,1.0951183876219106,35.525065097526685,10764,20
4,all_six_stages,67,1181.0344827586207,1.0750703310214091,24.41020446518334,10764,20
4,all_six_stages,68,1184.4827586206898,1.040202231601134,7.501775358030833,10764,20
4,all_six_stages,69,1187.9310344827586,1.0045104553823898,3.6558570816891214,10764,20
4,all_six_stages,70,1191.3793103448274,0.9884457090799832,-24.79200835429365,10764,20
4,all_six_stages,71,1194.8275862068965,0.9636315642301336,-15.124436627259383,10764,20
4,all_six_stages,72,1198.2758620689656,0.9042513413872648,-11.720332159975792,10764,20
4,all_six_stages,73,1201.7241379310344,0.8743422269922724,0.1282408306222802,10764,20
4,all_six_stages,74,1205.1724137931035,0.7739735759528021,5.12425338110498,10764,20
4,all_six_stages,75,1208.6206896551723,0.7267869948894959,-0.592642321659012,10764,20
4,all_six_stages,76,1212.0689655172414,0.7079607365651851,-5.672695453727568,10764,20
4,all_six_stages,77,1215.5172413793102,0.7142391397527004,-6.63743393168873,10764,20
4,all_six_stages,78,1218.9655172413793,0.6823665345234077,-0.2930247813957662,10764,20
4,all_six_stages,79,1222.4137931034484,0.6980987538011388,15.390802669131356,10764,20
4,all_six_stages,80,1225.8620689655172,0.6784171555530655,8.991617815125508,10764,20
4,all_six_stages,81,1229.310344827586,0.7017415641578888,-12.74545257042493,10764,20
4,all_six_stages,82,1232.7586206896551,0.7345575042053488,12.45760039484015,10764,20
4,all_six_stages,83,1236.2068965517242,0.7578345355009184,-8.072491201352943,10764,20
4,all_six_stages,84,1239.655172413793,0.7366133044019696,0.6711613122284035,10764,20
4,all_six_stages,85,1243.103448275862,0.7455669989880005,10.877536912522714,10764,20
4,all_six_stages,86,1246.551724137931,0.7839507048947038,-5.365118761027969,10764,20
4,all_six_stages,87,1250.0,0.8235468488111202,-29.23673602851398,10764,20
4,all_six_stages,88,1253.4482758620688,0.8143071868556656,-10.106824972842237,10764,20
4,all_six_stages,89,1256.896551724138,0.8058748240774359,-0.8130343190109672,10764,20
4,all_six_stages,90,1260.344827586207,0.8378288945128861,-17.380185504835815,10764,20
4,all_six_stages,91,1263.7931034482758,0.8568623660902769,-8.09925837760504,10764,20
4,all_six_stages,92,1267.2413793103449,0.9154950595106838,-5.244548413967808,10764,20
4,all_six_stages,93,1270.6896551724135,0.9595291259751768,-17.785637055256835,10764,20
4,all_six_stages,94,1274.1379310344828,1.020036099643271,3.078444939158585,10764,20
4,all_six_stages,95,1277.5862068965516,1.0803237931112564,3.6182785461402447,10764,20
4,all_six_stages,96,1281.0344827586207,1.1640022080771095,15.646565882879042,10764,20
4,all_six_stages,97,1284.4827586206898,1.2177649076559904,17.574065585711665,10764,20
4,all_six_stages,98,1287.9310344827586,1.2963688388947303,17.10695735574935,10764,20
4,all_six_stages,99,1291.3793103448274,1.3322121052308298,9.703511690102914,10764,20
4,all_six_stages,100,1294.8275862068965,1.3898749145706957,20.23256596979085,10764,20
4,all_six_stages,101,1298.2758620689656,1.4131618124244214,-2.327777026664203,10764,20
4,all_six_stages,102,1301.7241379310344,1.4113799988440887,0.4953825548898346,10764,20
4,all_six_stages,103,1305.1724137931035,1.4182651281019,1.6416579181734403,10764,20
4,all_six_stages,104,1308.6206896551723,1.4206139021930286,-12.445544964187045,10764,20
4,all_six_stages,105,1312.0689655172414,1.373897503107494,5.317718761456822,10764,20
4,all_six_stages,106,1315.5172413793102,1.3063788133194325,5.003418741646468,10764,20
4,all_six_stages,107,1318.9655172413793,1.2490691473455575,-15.009037183704324,10764,20
4,all_six_stages,108,1322.4137931034484,1.1788203723034647,-4.613653128786278,10764,20
4,all_six_stages,109,1325.8620689655172,1.117655624853464,5.206071287500119,10764,20
4,all_six_stages,110,1329.310344827586,1.076561194597799,7.806176163776388,10764,20
4,all_six_stages,111,1332.7586206896551,1.049539656461928,13.421359211817103,10764,20
4,all_six_stages,112,1336.2068965517242,1.0422102159224846,2.0705093260582954,10764,20
4,all_six_stages,113,1339.655172413793,1.0626972379501038,7.067376972510464,10764,20
4,all_six_stages,114,1343.103448275862,1.0879321158645825,-2.749461283830418,10764,20
4,all_six_stages,115,1346.551724137931,1.1077039205441217,-1.9246823672578253,10764,20
4,all_six_stages,116,1350.0,1.1082777859745037,-13.994203914999584,10764,20
4,all_six_stages,117,1353.4482758620688,1.137986001923559,-5.514976197164316,10764,20
4,all_six_stages,118,1356.896551724138,1.160422754364196,-5.641778833421397,10764,20
4,all_six_stages,119,1360.344827586207,1.1736014197600797,-3.772101595740203,10764,20
4,all_six_stages,120,1363.7931034482758,1.1967225451477037,-0.2581741683271692,10764,20
4,all_six_stages,121,1367.2413793103449,1.2051927901569084,-4.6023934144207015,10764,20
4,all_six_stages,122,1370.6896551724135,1.2106807315401515,-5.466465999838562,10764,20
4,all_six_stages,123,1374.1379310344828,1.216072095976266,7.495993297708162,10764,20
4,all_six_stages,124,1377.5862068965516,1.2338131704411976,15.626479237049256,10764,20
4,all_six_stages,125,1381.0344827586207,1.2111433150040147,0.3254325068255304,10764,20
4,all_six_stages,126,1384.4827586206898,1.1882080948002869,5.9395883984857205,10764,20
4,all_six_stages,127,1387.9310344827586,1.1574531335058813,2.113467269575681,10764,20
4,all_six_stages,128,1391.3793103448274,1.1087159614313444,-4.876512357366772,10764,20
4,all_six_stages,129,1394.8275862068965,1.0862478517098046,-17.567486850868853,10764,20
4,all_six_stages,130,1398.2758620689656,1.0640609422661933,-16.516992257541848,10764,20
4,all_six_stages,131,1401.7241379310344,1.0217885429797922,-13.093541473446164,10764,20
4,all_six_stages,132,1405.1724137931035,0.9849057572728954,-4.123994512898202,10764,20
4,all_six_stages,133,1408.6206896551723,0.956605908684871,-1.6122733544488592,10764,20
4,all_six_stages,134,1412.0689655172414,0.9164057446768386,1.7363376483170057,10764,20
4,all_six_stages,135,1415.5172413793102,0.8964905398444066,17.85177995497284,10764,20
4,all_six_stages,136,1418.9655172413793,0.8728271581328652,9.722712060625083,10764,20
4,all_six_stages,137,1422.4137931034484,0.8624455442060986,-8.126347884797365,10764,20
4,all_six_stages,138,1425.8620689655172,0.8474371062384581,-0.3727947727835392,10764,20
4,all_six_stages,139,1429.310344827586,0.8522304260404402,12.22810926913207,10764,20
4,all_six_stages,140,1432.7586206896551,0.8370779262385667,3.709308462241014,10764,20
4,all_six_stages,141,1436.2068965517242,0.8517616094656906,-18.90592318138893,10764,20
4,all_six_stages,142,1439.655172413793,0.8014453091783816,-6.439611124620827,10764,20
4,all_six_stages,143,1443.103448275862,0.7963457975489633,0.2425570702566368,10764,20
4,all_six_stages,144,1446.551724137931,0.7578330450613185,4.33719443370104,10764,20
4,all_six_stages,145,1450.0,0.7415205908881581,-4.280098523423911,10764,20
4,all_six_stages,146,1453.4482758620688,0.7215914961829617,-8.635799210401409,10764,20
4,all_six_stages,147,1456.896551724138,0.700004431983804,-1.1423640867308085,10764,20
4,all_six_stages,148,1460.344827586207,0.6905231160525377,-8.77486632637576,10764,20
4,all_six_stages,149,1463.7931034482758,0.6800860626819212,13.66452521246226,10764,20
4,all_six_stages,150,1467.2413793103449,0.6769250332572514,17.106169254756487,10764,20
4,all_six_stages,151,1470.6896551724135,0.6842062391155969,22.23484579472749,10764,20
4,all_six_stages,152,1474.1379310344828,0.6827852372934011,25.491820886712,10764,20
4,all_six_stages,153,1477.5862068965516,0.6527717703163939,5.831733961401338,10764,20
4,all_six_stages,154,1481.0344827586207,0.6595762596406943,9.433697193835552,10764,20
4,all_six_stages,155,1484.4827586206898,0.6616404347867942,11.43723643884032,10764,20
4,all_six_stages,156,1487.9310344827586,0.6493805700481595,-4.790841289808483,10764,20
4,all_six_stages,157,1491.3793103448274,0.6489579999747799,0.1160653857617195,10764,20
4,all_six_stages,158,1494.8275862068965,0.65644712998902,-7.027681697926074,10764,20
4,all_six_stages,159,1498.2758620689656,0.6644198054936054,-8.754744376429892,10764,20
4,all_six_stages,160,1501.7241379310344,0.6761349994493667,-6.878881615869098,10764,20
4,all_six_stages,161,1505.1724137931033,0.6811364339848404,-16.390369836420703,10764,20
4,all_six_stages,162,1508.6206896551723,0.6644980313066218,-9.405753215133748,10764,20
4,all_six_stages,163,1512.0689655172414,0.6819813798289358,-27.31396439084281,10764,20
4,all_six_stages,164,1515.5172413793102,0.6358972099385254,-5.434725319366997,10764,20
4,all_six_stages,165,1518.9655172413793,0.6634799693652662,-16.694538571573606,10764,20
4,all_six_stages,166,1522.4137931034484,0.637282665302392,9.411413121995697,10764,20
4,all_six_stages,167,1525.8620689655172,0.6428350404597,-11.55184281486382,10764,20
4,all_six_stages,168,1529.310344827586,0.6533115589947478,8.08409896117727,10764,20
4,all_six_stages,169,1532.7586206896551,0.6551303371970878,0.0243653832061914,10764,20
4,all_six_stages,170,1536.2068965517242,0.6708600126019455,-4.892794059616507,10764,20
4,all_six_stages,171,1539.655172413793,0.7011238566068898,16.916463329454018,10764,20
4,all_six_stages,172,1543.103448275862,0.6932210784516574,-0.4451457896326275,10764,20
4,all_six_stages,173,1546.5517241379312,0.7234955287329906,-12.667841931966004,10764,20
4,all_six_stages,174,1550.0,0.7234304090527727,13.239539661791463,10764,20
4,all_six_stages,175,1553.4482758620688,0.744581873551178,21.12802032041534,10764,20
4,all_six_stages,176,1556.896551724138,0.7390641345086576,7.872843077495503,10764,20
4,all_six_stages,177,1560.344827586207,0.7395953666471046,-1.7154979364623832,10764,20
4,all_six_stages,178,1563.7931034482758,0.7455046062718771,-1.7686528647236686,10764,20
4,all_six_stages,179,1567.2413793103449,0.7609391102593601,13.045903337473227,10764,20
4,all_six_stages,180,1570.6896551724135,0.7716976742397305,2.654020530577434,10764,20
4,all_six_stages,181,1574.1379310344828,0.7976763503649847,8.641891238221685,10764,20
4,all_six_stages,182,1577.5862068965516,0.7495509316040722,5.4299040549429,10764,20
4,all_six_stages,183,1581.0344827586207,0.7816278988879929,-17.985616877915326,10764,20
4,all_six_stages,184,1584.4827586206898,0.7205672756519057,-3.49258751342234,10764,20
4,all_six_stages,185,1587.9310344827586,1.0766551315302644,5.46464086016034,10764,20
4,all_six_stages,186,1591.3793103448274,0.7855711733653941,-6.865622751149781,10764,20
4,all_six_stages,187,1594.8275862068965,0.701975890404378,-4.6033076779240405,10764,20
4,all_six_stages,188,1598.2758620689656,0.7041132178988736,-1.0836411825679528,10764,20
4,all_six_stages,189,1601.7241379310344,0.7206906235430339,2.395504630631798,10764,20
4,all_six_stages,190,1605.1724137931033,0.7174592385228128,5.5472593820500204,10764,20
4,all_six_stages,191,1608.6206896551723,0.7149140337200598,-2.173473023340076,10764,20
4,all_six_stages,192,1612.0689655172414,0.7230579261021073,-2.700923299825845,10764,20
4,all_six_stages,193,1615.5172413793102,0.7272619488098189,11.833920831375838,10764,20
4,all_six_stages,194,1618.9655172413793,0.7389057996821194,10.863964545493516,10764,20
4,all_six_stages,195,1622.4137931034484,0.7373414617565905,2.716127472359478,10764,20
4,all_six_stages,196,1625.8620689655172,0.7729424406299832,-13.130381550223657,10764,20
4,all_six_stages,197,1629.310344827586,0.806903683605072,-12.589370964288204,10764,20
4,all_six_stages,198,1632.7586206896551,0.8052723371859543,-3.5958987000418814,10764,20
4,all_six_stages,199,1636.2068965517242,0.8533816905431229,-4.711243962740323,10764,20
4,all_six_stages,200,1639.655172413793,0.8650551276670374,1.0893903474147502,10764,20
4,all_six_stages,201,1643.103448275862,0.951152324259628,3.6843737072036,10764,20
4,all_six_stages,202,1646.5517241379312,1.0984633870760567,-0.0679555081912375,10764,20
4,all_six_stages,203,1650.0,1.37204434394355,-2.701234018667864,10764,20
4,post_moisture_1_to_5,0,950.0,1.669372628301233,19.46840820019913,8970,20
4,post_moisture_1_to_5,1,953.448275862069,1.4853782850813022,13.32174774343428,8970,20
4,post_moisture_1_to_5,2,956.896551724138,1.315342207584282,-7.298666399513635,8970,20
4,post_moisture_1_to_5,3,960.3448275862067,1.1821047237674989,-9.07725777073696,8970,20
4,post_moisture_1_to_5,4,963.7931034482758,1.1117555086505062,-9.095145810386535,8970,20
4,post_moisture_1_to_5,5,967.2413793103448,1.0647296608840846,-20.08889126728988,8970,20
4,post_moisture_1_to_5,6,970.6896551724138,0.9750921659533248,-0.1681494565956501,8970,20
4,post_moisture_1_to_5,7,974.1379310344828,0.9492539613784182,8.546156992422445,8970,20
4,post_moisture_1_to_5,8,977.5862068965516,0.9566230055998732,-3.6631363996572928,8970,20
4,post_moisture_1_to_5,9,981.0344827586208,0.9747972612075182,2.16907815644167,8970,20
4,post_moisture_1_to_5,10,984.4827586206897,0.8982966027082405,-14.547799551700985,8970,20
4,post_moisture_1_to_5,11,987.9310344827586,0.8791295452823682,2.466306372859589,8970,20
4,post_moisture_1_to_5,12,991.3793103448276,0.9534222174265304,-27.35162259457386,8970,20
4,post_moisture_1_to_5,13,994.8275862068964,0.8716737515733871,2.01508439657592,8970,20
4,post_moisture_1_to_5,14,998.2758620689656,0.9098274408672404,4.058795564618826,8970,20
4,post_moisture_1_to_5,15,1001.7241379310344,0.9232104603274146,3.813498634042466,8970,20
4,post_moisture_1_to_5,16,1005.1724137931036,0.9462476842967712,12.81880088890804,8970,20
4,post_moisture_1_to_5,17,1008.6206896551724,0.946804407310355,20.61340201170246,8970,20
4,post_moisture_1_to_5,18,1012.0689655172414,0.8902498431875977,5.17688364673827,8970,20
4,post_moisture_1_to_5,19,1015.5172413793103,0.9067906656371012,4.012889684521493,8970,20
4,post_moisture_1_to_5,20,1018.9655172413792,0.9447959544652929,5.208880488743107,8970,20
4,post_moisture_1_to_5,21,1022.4137931034484,0.9088207056055672,2.3863941337475403,8970,20
4,post_moisture_1_to_5,22,1025.8620689655172,0.9088876819800928,4.194212833384147,8970,20
4,post_moisture_1_to_5,23,1029.3103448275865,0.9315630167852352,-4.609365163618378,8970,20
4,post_moisture_1_to_5,24,1032.7586206896551,0.921275549752699,-8.211320556824605,8970,20
4,post_moisture_1_to_5,25,1036.2068965517242,0.933982190515774,2.492297881279748,8970,20
4,post_moisture_1_to_5,26,1039.655172413793,0.9636424461957468,16.826889222551074,8970,20
4,post_moisture_1_to_5,27,1043.103448275862,0.9707843600983732,1.890650412103724,8970,20
4,post_moisture_1_to_5,28,1046.551724137931,1.0871711653749148,-11.52910677849581,8970,20
4,post_moisture_1_to_5,29,1050.0,1.02365796188923,-8.355557489136627,8970,20
4,post_moisture_1_to_5,30,1053.4482758620688,1.0306360958898746,-7.319163351105785,8970,20
4,post_moisture_1_to_5,31,1056.896551724138,0.9872173068303234,-4.115094337041472,8970,20
4,post_moisture_1_to_5,32,1060.344827586207,0.9605136446830672,-9.394102195366283,8970,20
4,post_moisture_1_to_5,33,1063.7931034482758,0.908987804752492,-3.446947988227576,8970,20
4,post_moisture_1_to_5,34,1067.2413793103449,0.8926264716749114,6.175454223541986,8970,20
4,post_moisture_1_to_5,35,1070.6896551724135,0.8858056417116887,-3.2502960167843766,8970,20
4,post_moisture_1_to_5,36,1074.1379310344828,0.8810634690083776,6.045511848214557,8970,20
4,post_moisture_1_to_5,37,1077.5862068965516,0.8515043981506126,-4.128183388582717,8970,20
4,post_moisture_1_to_5,38,1081.0344827586207,0.8299617331214341,-5.75966852713226,8970,20
4,post_moisture_1_to_5,39,1084.4827586206898,0.8217517567782625,-3.8583673999483183,8970,20
4,post_moisture_1_to_5,40,1087.9310344827586,0.8105411774945793,6.448091709099092,8970,20
4,post_moisture_1_to_5,41,1091.3793103448277,0.8539608966237038,15.458214264707266,8970,20
4,post_moisture_1_to_5,42,1094.8275862068965,0.8227861667969506,8.180167499455775,8970,20
4,post_moisture_1_to_5,43,1098.2758620689656,0.8645337560468748,-6.6511177256839,8970,20
4,post_moisture_1_to_5,44,1101.7241379310344,0.8921879329423714,-0.044895636239143,8970,20
4,post_moisture_1_to_5,45,1105.1724137931035,0.8224149214361162,-4.15502535859546,8970,20
4,post_moisture_1_to_5,46,1108.6206896551723,0.8811588851456084,-9.95988354017485,8970,20
4,post_moisture_1_to_5,47,1112.0689655172414,0.8503330970439648,-13.293031576676992,8970,20
4,post_moisture_1_to_5,48,1115.5172413793102,0.9523522084155908,6.25364241886675,8970,20
4,post_moisture_1_to_5,49,1118.9655172413793,1.021523806960061,10.341332931580936,8970,20
4,post_moisture_1_to_5,50,1122.4137931034484,1.137409409446234,18.082732590872624,8970,20
4,post_moisture_1_to_5,51,1125.8620689655172,1.1433593497946226,11.92568390941062,8970,20
4,post_moisture_1_to_5,52,1129.3103448275865,1.1290054441558437,4.592637219436482,8970,20
4,post_moisture_1_to_5,53,1132.7586206896551,1.1064869764446108,-0.6253884208727749,8970,20
4,post_moisture_1_to_5,54,1136.2068965517242,1.0769686780111738,-5.397284748904071,8970,20
4,post_moisture_1_to_5,55,1139.655172413793,0.9856642762269252,-17.243471036292192,8970,20
4,post_moisture_1_to_5,56,1143.103448275862,0.9688557576971174,-11.848848848130675,8970,20
4,post_moisture_1_to_5,57,1146.551724137931,0.9715312302195712,-1.6512047001431118,8970,20
4,post_moisture_1_to_5,58,1150.0,1.0034132836084204,16.9608472222355,8970,20
4,post_moisture_1_to_5,59,1153.4482758620688,0.932663488489704,14.314396316022536,8970,20
4,post_moisture_1_to_5,60,1156.896551724138,0.9092502948861602,15.172002855893007,8970,20
4,post_moisture_1_to_5,61,1160.344827586207,0.9547551246168632,-11.069986800908406,8970,20
4,post_moisture_1_to_5,62,1163.7931034482758,1.1048209180497377,-29.270852316004028,8970,20
4,post_moisture_1_to_5,63,1167.2413793103449,1.198645476874159,-25.949848758681213,8970,20
4,post_moisture_1_to_5,64,1170.6896551724135,1.1590783239652158,5.320539463997577,8970,20
4,post_moisture_1_to_5,65,1174.1379310344828,1.264394591707628,26.427865295906884,8970,20
4,post_moisture_1_to_5,66,1177.5862068965516,1.2716830314379837,39.140738753145015,8970,20
4,post_moisture_1_to_5,67,1181.0344827586207,1.1894279735025726,24.851933288142156,8970,20
4,post_moisture_1_to_5,68,1184.4827586206898,1.1447459417251469,6.495135910991885,8970,20
4,post_moisture_1_to_5,69,1187.9310344827586,1.0634467750782814,1.84730620387516,8970,20
4,post_moisture_1_to_5,70,1191.3793103448274,1.0700906954172955,-24.67372117481475,8970,20
4,post_moisture_1_to_5,71,1194.8275862068965,1.1019739130763415,-18.76447999130297,8970,20
4,post_moisture_1_to_5,72,1198.2758620689656,1.0118088951661377,-9.377024137821802,8970,20
4,post_moisture_1_to_5,73,1201.7241379310344,1.018540878433844,-2.30761468740125,8970,20
4,post_moisture_1_to_5,74,1205.1724137931035,0.8478086244781423,4.38856685102453,8970,20
4,post_moisture_1_to_5,75,1208.6206896551723,0.7684886245709596,-4.8167453708481975,8970,20
4,post_moisture_1_to_5,76,1212.0689655172414,0.7719643198259609,-16.323868344556143,8970,20
4,post_moisture_1_to_5,77,1215.5172413793102,0.8014553320338194,-12.815107529286978,8970,20
4,post_moisture_1_to_5,78,1218.9655172413793,0.7467370837670809,1.33191701917351,8970,20
4,post_moisture_1_to_5,79,1222.4137931034484,0.7553558912963843,11.541569329813264,8970,20
4,post_moisture_1_to_5,80,1225.8620689655172,0.7194581091294617,11.52645318449954,8970,20
4,post_moisture_1_to_5,81,1229.310344827586,0.7847578225763899,-13.357684141392806,8970,20
4,post_moisture_1_to_5,82,1232.7586206896551,0.8757148427162957,16.15105959414163,8970,20
4,post_moisture_1_to_5,83,1236.2068965517242,0.8727704819092028,-2.9088122054375205,8970,20
4,post_moisture_1_to_5,84,1239.655172413793,0.7989901989177307,0.4330158546701675,8970,20
4,post_moisture_1_to_5,85,1243.103448275862,0.8485629044428202,13.574346211269734,8970,20
4,post_moisture_1_to_5,86,1246.551724137931,0.9357527312547504,4.121690557985113,8970,20
4,post_moisture_1_to_5,87,1250.0,0.976158622834387,-25.87378407932943,8970,20
4,post_moisture_1_to_5,88,1253.4482758620688,0.9561227753046232,-15.90413613518754,8970,20
4,post_moisture_1_to_5,89,1256.896551724138,0.9008737009153786,-6.77758719345394,8970,20
4,post_moisture_1_to_5,90,1260.344827586207,0.8938218164477566,-13.791706905483652,8970,20
4,post_moisture_1_to_5,91,1263.7931034482758,0.8520587146615413,-16.030187157042718,8970,20
4,post_moisture_1_to_5,92,1267.2413793103449,0.9173234891537236,-17.644724209123186,8970,20
4,post_moisture_1_to_5,93,1270.6896551724135,0.9228081935033408,-24.06021725067613,8970,20
4,post_moisture_1_to_5,94,1274.1379310344828,0.9444810960404606,1.7184416062519592,8970,20
4,post_moisture_1_to_5,95,1277.5862068965516,0.9680225471993674,2.06455114777464,8970,20
4,post_moisture_1_to_5,96,1281.0344827586207,1.066032570282024,14.547758718114508,8970,20
4,post_moisture_1_to_5,97,1284.4827586206898,1.0857265150107174,16.600009538127996,8970,20
4,post_moisture_1_to_5,98,1287.9310344827586,1.1713797265476764,17.4802106179908,8970,20
4,post_moisture_1_to_5,99,1291.3793103448274,1.1712610247543878,15.717328319865356,8970,20
4,post_moisture_1_to_5,100,1294.8275862068965,1.2187182439890825,22.82514478889184,8970,20
4,post_moisture_1_to_5,101,1298.2758620689656,1.240679439529163,-0.0135872934194072,8970,20
4,post_moisture_1_to_5,102,1301.7241379310344,1.162445123522191,7.61119818826829,8970,20
4,post_moisture_1_to_5,103,1305.1724137931035,1.1872887549200608,10.21729866783551,8970,20
4,post_moisture_1_to_5,104,1308.6206896551723,1.2546996341494343,-6.77601559364855,8970,20
4,post_moisture_1_to_5,105,1312.0689655172414,1.1503883980789744,10.14129063484841,8970,20
4,post_moisture_1_to_5,106,1315.5172413793102,1.0450819005694307,8.623374501975507,8970,20
4,post_moisture_1_to_5,107,1318.9655172413793,1.0076463906353343,-16.561111388395968,8970,20
4,post_moisture_1_to_5,108,1322.4137931034484,0.9565608629342768,-1.0487705208955873,8970,20
4,post_moisture_1_to_5,109,1325.8620689655172,0.8992239365484551,10.550930237533295,8970,20
4,post_moisture_1_to_5,110,1329.310344827586,0.9296125072242004,13.938634695835145,8970,20
4,post_moisture_1_to_5,111,1332.7586206896551,0.9116257406702272,15.346311506004843,8970,20
4,post_moisture_1_to_5,112,1336.2068965517242,0.985236484012416,4.517014488362989,8970,20
4,post_moisture_1_to_5,113,1339.655172413793,1.1011697944654428,13.899382713687231,8970,20
4,post_moisture_1_to_5,114,1343.103448275862,1.1463790572251662,-10.584733920574346,8970,20
4,post_moisture_1_to_5,115,1346.551724137931,1.1707519781936966,-9.901951347389073,8970,20
4,post_moisture_1_to_5,116,1350.0,1.1018825349244965,-31.31913787608555,8970,20
4,post_moisture_1_to_5,117,1353.4482758620688,1.064042624153826,-10.026892122030562,8970,20
4,post_moisture_1_to_5,118,1356.896551724138,1.0364943858387283,-4.509422838976591,8970,20
4,post_moisture_1_to_5,119,1360.344827586207,1.0818632322905073,-14.226090502018348,8970,20
4,post_moisture_1_to_5,120,1363.7931034482758,1.1009675896403663,-6.938468970805953,8970,20
4,post_moisture_1_to_5,121,1367.2413793103449,1.1495956774908656,-12.50729748859861,8970,20
4,post_moisture_1_to_5,122,1370.6896551724135,1.195519651005322,-6.929820659806213,8970,20
4,post_moisture_1_to_5,123,1374.1379310344828,1.2147585628269453,13.034231137294787,8970,20
4,post_moisture_1_to_5,124,1377.5862068965516,1.3110464337811214,21.43840400508321,8970,20
4,post_moisture_1_to_5,125,1381.0344827586207,1.3177347359180536,7.0600560532197445,8970,20
4,post_moisture_1_to_5,126,1384.4827586206898,1.3380784994498267,12.68340464782708,8970,20
4,post_moisture_1_to_5,127,1387.9310344827586,1.3349308639766044,10.716183009129928,8970,20
4,post_moisture_1_to_5,128,1391.3793103448274,1.2960639066595034,0.4509199036731968,8970,20
4,post_moisture_1_to_5,129,1394.8275862068965,1.282430700212767,-14.684511345755208,8970,20
4,post_moisture_1_to_5,130,1398.2758620689656,1.2823068993656757,-18.69922775781648,8970,20
4,post_moisture_1_to_5,131,1401.7241379310344,1.2030717874116037,-15.74553362147712,8970,20
4,post_moisture_1_to_5,132,1405.1724137931035,1.1540248195254597,-2.2207446260278103,8970,20
4,post_moisture_1_to_5,133,1408.6206896551723,1.1059302473215014,-6.799337695762187,8970,20
4,post_moisture_1_to_5,134,1412.0689655172414,1.0503929952996447,-0.7720046263187451,8970,20
4,post_moisture_1_to_5,135,1415.5172413793102,1.0093404076576178,13.52850384060602,8970,20
4,post_moisture_1_to_5,136,1418.9655172413793,0.9887422969888756,2.740715155135145,8970,20
4,post_moisture_1_to_5,137,1422.4137931034484,0.968726038432978,-12.19533031740006,8970,20
4,post_moisture_1_to_5,138,1425.8620689655172,0.9585144755189612,-8.096515042848006,8970,20
4,post_moisture_1_to_5,139,1429.310344827586,0.9569706183459656,9.528199049989436,8970,20
4,post_moisture_1_to_5,140,1432.7586206896551,0.9538536299635632,1.4696073593229126,8970,20
4,post_moisture_1_to_5,141,1436.2068965517242,0.9591295683720688,-12.755761613349415,8970,20
4,post_moisture_1_to_5,142,1439.655172413793,0.8804580700824486,1.192150420337964,8970,20
4,post_moisture_1_to_5,143,1443.103448275862,0.8716369764273749,4.059090866600752,8970,20
4,post_moisture_1_to_5,144,1446.551724137931,0.830174500635596,7.047554014716779,8970,20
4,post_moisture_1_to_5,145,1450.0,0.8136105829413298,0.8350067026541517,8970,20
4,post_moisture_1_to_5,146,1453.4482758620688,0.7858139035025066,-11.81437847187714,8970,20
4,post_moisture_1_to_5,147,1456.896551724138,0.7631573912119357,-1.0789323889846163,8970,20
4,post_moisture_1_to_5,148,1460.344827586207,0.7773290679165555,-8.191646520092892,8970,20
4,post_moisture_1_to_5,149,1463.7931034482758,0.7645806490178446,11.247746447435258,8970,20
4,post_moisture_1_to_5,150,1467.2413793103449,0.7784994733036712,14.011979117717493,8970,20
4,post_moisture_1_to_5,151,1470.6896551724135,0.8597089679544162,25.916981525232718,8970,20
4,post_moisture_1_to_5,152,1474.1379310344828,0.8505888040414976,28.184235564025123,8970,20
4,post_moisture_1_to_5,153,1477.5862068965516,0.814813329357049,3.900336340744405,8970,20
4,post_moisture_1_to_5,154,1481.0344827586207,0.8420757029316048,9.624742660790112,8970,20
4,post_moisture_1_to_5,155,1484.4827586206898,0.858750803178506,8.798000767748553,8970,20
4,post_moisture_1_to_5,156,1487.9310344827586,0.8685745376926173,-1.4203148342885163,8970,20
4,post_moisture_1_to_5,157,1491.3793103448274,0.8554428626763272,6.965746826108045,8970,20
4,post_moisture_1_to_5,158,1494.8275862068965,0.8690114871422696,-5.347718562185396,8970,20
4,post_moisture_1_to_5,159,1498.2758620689656,0.9072289130398404,-14.267078542568113,8970,20
4,post_moisture_1_to_5,160,1501.7241379310344,0.9161662637802208,-8.825789093388394,8970,20
4,post_moisture_1_to_5,161,1505.1724137931033,0.9691942094065352,-22.1712510856396,8970,20
4,post_moisture_1_to_5,162,1508.6206896551723,0.8905735852834579,-13.112059735871943,8970,20
4,post_moisture_1_to_5,163,1512.0689655172414,0.9381795102038007,-25.680191448958425,8970,20
4,post_moisture_1_to_5,164,1515.5172413793102,0.8228142694071096,-2.2487114309289318,8970,20
4,post_moisture_1_to_5,165,1518.9655172413793,0.881883839335837,-22.56822971066382,8970,20
4,post_moisture_1_to_5,166,1522.4137931034484,0.7967262143669012,4.971539075015768,8970,20
4,post_moisture_1_to_5,167,1525.8620689655172,0.8034420927989547,-14.278266424099714,8970,20
4,post_moisture_1_to_5,168,1529.310344827586,0.7958510751357102,6.073215736601975,8970,20
4,post_moisture_1_to_5,169,1532.7586206896551,0.7820412762173752,-1.921413050272089,8970,20
4,post_moisture_1_to_5,170,1536.2068965517242,0.8158570363058161,-5.593355874015188,8970,20
4,post_moisture_1_to_5,171,1539.655172413793,0.8458827022624168,19.080053585339552,8970,20
4,post_moisture_1_to_5,172,1543.103448275862,0.8145886372881305,-0.2787778353663961,8970,20
4,post_moisture_1_to_5,173,1546.5517241379312,0.8669167194111992,-15.669955629213254,8970,20
4,post_moisture_1_to_5,174,1550.0,0.8357793861343485,11.09337665061698,8970,20
4,post_moisture_1_to_5,175,1553.4482758620688,0.8793810359057287,21.42028493466649,8970,20
4,post_moisture_1_to_5,176,1556.896551724138,0.8893147518241606,14.64673268084487,8970,20
4,post_moisture_1_to_5,177,1560.344827586207,0.866662335001347,2.020803631490228,8970,20
4,post_moisture_1_to_5,178,1563.7931034482758,0.8715721520272874,3.921477007317116,8970,20
4,post_moisture_1_to_5,179,1567.2413793103449,0.9398490439164392,23.00704658024075,8970,20
4,post_moisture_1_to_5,180,1570.6896551724135,0.9185460739524174,4.406601546623532,8970,20
4,post_moisture_1_to_5,181,1574.1379310344828,1.0131745541213302,14.053197182842524,8970,20
4,post_moisture_1_to_5,182,1577.5862068965516,0.8529127108733099,10.507288886716015,8970,20
4,post_moisture_1_to_5,183,1581.0344827586207,0.8997744940784669,-17.34355087991434,8970,20
4,post_moisture_1_to_5,184,1584.4827586206898,0.7845251295463311,0.3600259269084853,8970,20
4,post_moisture_1_to_5,185,1587.9310344827586,1.6453370447187583,4.766700065166472,8970,20
4,post_moisture_1_to_5,186,1591.3793103448274,0.9466649779489192,-8.56149175108478,8970,20
4,post_moisture_1_to_5,187,1594.8275862068965,0.725696399748825,-6.918832132704029,8970,20
4,post_moisture_1_to_5,188,1598.2758620689656,0.7557609464176587,-4.500991379462684,8970,20
4,post_moisture_1_to_5,189,1601.7241379310344,0.7856494674300137,-3.62171227185606,8970,20
4,post_moisture_1_to_5,190,1605.1724137931033,0.782571400652593,2.945036683302381,8970,20
4,post_moisture_1_to_5,191,1608.6206896551723,0.7659082201048156,-4.2562207851786,8970,20
4,post_moisture_1_to_5,192,1612.0689655172414,0.7897071654888177,-6.803076056359111,8970,20
4,post_moisture_1_to_5,193,1615.5172413793102,0.7988086962786927,6.197680615043786,8970,20
4,post_moisture_1_to_5,194,1618.9655172413793,0.825304136317726,6.100634126546147,8970,20
4,post_moisture_1_to_5,195,1622.4137931034484,0.8237075531355579,4.611337250138023,8970,20
4,post_moisture_1_to_5,196,1625.8620689655172,0.8911774102614888,-8.206464731120288,8970,20
4,post_moisture_1_to_5,197,1629.310344827586,0.9568594577302924,-7.52408287801422,8970,20
4,post_moisture_1_to_5,198,1632.7586206896551,0.9797825126381808,-0.727511842561755,8970,20
4,post_moisture_1_to_5,199,1636.2068965517242,1.0799229934937575,0.5459763258084787,8970,20
4,post_moisture_1_to_5,200,1639.655172413793,1.0958544163658734,-0.5355613387020901,8970,20
4,post_moisture_1_to_5,201,1643.103448275862,1.2238426542615826,1.3258109877190816,8970,20
4,post_moisture_1_to_5,202,1646.5517241379312,1.5237309335605016,-2.8776184627337105,8970,20
4,post_moisture_1_to_5,203,1650.0,2.109041328107144,-3.83798413017712,8970,20
5,all_six_stages,0,950.0,1.5490850397913838,8.79999627597589,10764,20
5,all_six_stages,1,953.448275862069,1.4360674290323845,9.52944977656147,10764,20
5,all_six_stages,2,956.896551724138,1.3367066069558124,-9.994570685884495,10764,20
5,all_six_stages,3,960.3448275862067,1.266421221881408,-0.9625368526852168,10764,20
5,all_six_stages,4,963.7931034482758,1.2169075304391068,-6.598513320911181,10764,20
5,all_six_stages,5,967.2413793103448,1.187136036662455,-14.228111108464647,10764,20
5,all_six_stages,6,970.6896551724138,1.1586371867414729,6.590029250398679,10764,20
5,all_six_stages,7,974.1379310344828,1.1481184013238497,5.0969411224108825,10764,20
5,all_six_stages,8,977.5862068965516,1.1550304708779624,-1.5365901211962414,10764,20
5,all_six_stages,9,981.0344827586208,1.1770166966719326,2.301361266928329,10764,20
5,all_six_stages,10,984.4827586206897,1.1659262889812043,-14.282878468628946,10764,20
5,all_six_stages,11,987.9310344827586,1.1719321858767566,1.0024409939621166,10764,20
5,all_six_stages,12,991.3793103448276,1.2160878316943948,-26.618835237556876,10764,20
5,all_six_stages,13,994.8275862068964,1.197456638986694,4.398553706411395,10764,20
5,all_six_stages,14,998.2758620689656,1.2174882891919112,2.58965935178927,10764,20
5,all_six_stages,15,1001.7241379310344,1.2406947532823775,-1.820347482213632,10764,20
5,all_six_stages,16,1005.1724137931036,1.2648136835299024,16.553732876852873,10764,20
5,all_six_stages,17,1008.6206896551724,1.283408380821652,18.52104846108184,10764,20
5,all_six_stages,18,1012.0689655172414,1.293461060178356,5.274827651860974,10764,20
5,all_six_stages,19,1015.5172413793103,1.321939406927081,4.364248073060759,10764,20
5,all_six_stages,20,1018.9655172413792,1.3519943643017351,8.42253716137569,10764,20
5,all_six_stages,21,1022.4137931034484,1.3634591350134098,-1.6755354298435352,10764,20
5,all_six_stages,22,1025.8620689655172,1.379584811901509,7.5865407701889715,10764,20
5,all_six_stages,23,1029.3103448275865,1.4021673389413702,-11.006016486044466,10764,20
5,all_six_stages,24,1032.7586206896551,1.409072540356407,-5.799723626529866,10764,20
5,all_six_stages,25,1036.2068965517242,1.4142469088341014,4.12429902158039,10764,20
5,all_six_stages,26,1039.655172413793,1.4207651123246123,11.934697475765669,10764,20
5,all_six_stages,27,1043.103448275862,1.422779908740648,-1.0015421421694768,10764,20
5,all_six_stages,28,1046.551724137931,1.4296239305912777,-1.479025950358654,10764,20
5,all_six_stages,29,1050.0,1.4110514989110952,-9.111347863347032,10764,20
5,all_six_stages,30,1053.4482758620688,1.3932164998955692,-10.744110459356778,10764,20
5,all_six_stages,31,1056.896551724138,1.3545023566410848,1.7008564042343235,10764,20
5,all_six_stages,32,1060.344827586207,1.3371496270871577,-7.416619095213804,10764,20
5,all_six_stages,33,1063.7931034482758,1.2951512911379186,-3.16835997088585,10764,20
5,all_six_stages,34,1067.2413793103449,1.268515873366802,8.700301110671743,10764,20
5,all_six_stages,35,1070.6896551724135,1.2257671417588274,0.6889571676354317,10764,20
5,all_six_stages,36,1074.1379310344828,1.182065876746916,0.8594333197815359,10764,20
5,all_six_stages,37,1077.5862068965516,1.1391958417774788,-8.908872987245438,10764,20
5,all_six_stages,38,1081.0344827586207,1.0903186933731428,-3.3709884872212004,10764,20
5,all_six_stages,39,1084.4827586206898,1.0492029110797887,-5.2394373968776335,10764,20
5,all_six_stages,40,1087.9310344827586,1.0166293289955952,6.72499100498945,10764,20
5,all_six_stages,41,1091.3793103448277,0.9928372425958965,8.43510346938675,10764,20
5,all_six_stages,42,1094.8275862068965,0.9523266364794908,2.1390514849227147,10764,20
5,all_six_stages,43,1098.2758620689656,0.9272952454680518,-1.068744867952239,10764,20
5,all_six_stages,44,1101.7241379310344,0.9275463423335396,2.266721013759601,10764,20
5,all_six_stages,45,1105.1724137931035,0.8528654315730313,-12.95179291748207,10764,20
5,all_six_stages,46,1108.6206896551723,0.8045412060816347,-11.176239050907396,10764,20
5,all_six_stages,47,1112.0689655172414,0.7511670512850844,-15.119134354904016,10764,20
5,all_six_stages,48,1115.5172413793102,0.755728577639999,10.742300952156029,10764,20
5,all_six_stages,49,1118.9655172413793,0.7958308578833562,14.767421098368164,10764,20
5,all_six_stages,50,1122.4137931034484,0.8167915444466406,24.002037397537777,10764,20
5,all_six_stages,51,1125.8620689655172,0.8635027879598562,14.805379210031006,10764,20
5,all_six_stages,52,1129.3103448275865,0.8739842728133731,8.681905336281627,10764,20
5,all_six_stages,53,1132.7586206896551,0.8808587416624368,-1.5386914549593014,10764,20
5,all_six_stages,54,1136.2068965517242,0.8372537772659486,-7.352482970811463,10764,20
5,all_six_stages,55,1139.655172413793,0.8096922537474648,-19.2617700452079,10764,20
5,all_six_stages,56,1143.103448275862,0.8035825294601069,-10.328535370489554,10764,20
5,all_six_stages,57,1146.551724137931,0.8331657403006016,-11.62117256104037,10764,20
5,all_six_stages,58,1150.0,0.8283425034475019,12.649534593423542,10764,20
5,all_six_stages,59,1153.4482758620688,0.788866184187984,11.56297174096214,10764,20
5,all_six_stages,60,1156.896551724138,0.765331760393637,10.969303989983326,10764,20
5,all_six_stages,61,1160.344827586207,0.7971743609955365,-14.06287875107898,10764,20
5,all_six_stages,62,1163.7931034482758,0.8742898285538069,-23.27682666437492,10764,20
5,all_six_stages,63,1167.2413793103449,0.9285875089551427,-17.87052230743692,10764,20
5,all_six_stages,64,1170.6896551724135,0.9751734306970996,-3.32899772962562,10764,20
5,all_six_stages,65,1174.1379310344828,1.0698420034570608,21.99421757558951,10764,20
5,all_six_stages,66,1177.5862068965516,1.0999757321375443,33.813162589347186,10764,20
5,all_six_stages,67,1181.0344827586207,1.09905862217942,28.15328003614569,10764,20
5,all_six_stages,68,1184.4827586206898,1.0527961951033895,5.720857863880609,10764,20
5,all_six_stages,69,1187.9310344827586,1.0242058697747791,4.324878559938622,10764,20
5,all_six_stages,70,1191.3793103448274,1.0062343217579195,-24.06554150562051,10764,20
5,all_six_stages,71,1194.8275862068965,0.9732262622843568,-12.826167171058492,10764,20
5,all_six_stages,72,1198.2758620689656,0.9283680931724598,-16.74826710870599,10764,20
5,all_six_stages,73,1201.7241379310344,0.880554330704578,-1.746855451372263,10764,20
5,all_six_stages,74,1205.1724137931035,0.7701412132627443,7.085930610289944,10764,20
5,all_six_stages,75,1208.6206896551723,0.7235395558342055,-3.87511429970232,10764,20
5,all_six_stages,76,1212.0689655172414,0.692885415944277,-3.432037685274284,10764,20
5,all_six_stages,77,1215.5172413793102,0.702399105392517,-6.428042245180367,10764,20
5,all_six_stages,78,1218.9655172413793,0.6666283695687484,4.597320558142694,10764,20
5,all_six_stages,79,1222.4137931034484,0.677755135084195,14.869382513391717,10764,20
5,all_six_stages,80,1225.8620689655172,0.6622663408637351,10.009869126629564,10764,20
5,all_six_stages,81,1229.310344827586,0.6819076762397087,-9.156583566705624,10764,20
5,all_six_stages,82,1232.7586206896551,0.7119259345367879,10.594069918202743,10764,20
5,all_six_stages,83,1236.2068965517242,0.7310538511682384,-3.554881015853574,10764,20
5,all_six_stages,84,1239.655172413793,0.7126838356052198,-2.7267293062812983,10764,20
5,all_six_stages,85,1243.103448275862,0.7212771722256557,9.67275117136178,10764,20
5,all_six_stages,86,1246.551724137931,0.7575323642331931,-7.036786114077625,10764,20
5,all_six_stages,87,1250.0,0.7949662070006815,-26.982353470393363,10764,20
5,all_six_stages,88,1253.4482758620688,0.7996240941409657,-14.158630395830198,10764,20
5,all_six_stages,89,1256.896551724138,0.7862143392222707,-5.160587272724167,10764,20
5,all_six_stages,90,1260.344827586207,0.820260603411004,-14.86345066417115,10764,20
5,all_six_stages,91,1263.7931034482758,0.8449760034675028,-13.487428532013222,10764,20
5,all_six_stages,92,1267.2413793103449,0.9002202896083971,-3.221783939053128,10764,20
5,all_six_stages,93,1270.6896551724135,0.9453842591512572,-13.51449426323661,10764,20
5,all_six_stages,94,1274.1379310344828,1.0200040337733964,4.585658304708854,10764,20
5,all_six_stages,95,1277.5862068965516,1.0798312205765013,2.321117962377348,10764,20
5,all_six_stages,96,1281.0344827586207,1.1659815872161237,12.817910827247673,10764,20
5,all_six_stages,97,1284.4827586206898,1.225399276154366,19.21700540711921,10764,20
5,all_six_stages,98,1287.9310344827586,1.3057850545364336,21.0195333703528,10764,20
5,all_six_stages,99,1291.3793103448274,1.339014391710324,12.597091930937111,10764,20
5,all_six_stages,100,1294.8275862068965,1.3984473362686745,20.857021687600707,10764,20
5,all_six_stages,101,1298.2758620689656,1.42144623327597,1.5868550547286038,10764,20
5,all_six_stages,102,1301.7241379310344,1.4134476659202966,-0.1289155159500352,10764,20
5,all_six_stages,103,1305.1724137931035,1.42016960092217,0.2100469683223074,10764,20
5,all_six_stages,104,1308.6206896551723,1.4223648716327,-14.92222477870128,10764,20
5,all_six_stages,105,1312.0689655172414,1.3719242716208044,5.218340142011535,10764,20
5,all_six_stages,106,1315.5172413793102,1.3054282098756471,2.497742630438199,10764,20
5,all_six_stages,107,1318.9655172413793,1.248724993838636,-13.559371799331416,10764,20
5,all_six_stages,108,1322.4137931034484,1.1806078279809564,-10.23225734343389,10764,20
5,all_six_stages,109,1325.8620689655172,1.1152752429105894,-0.8035842170765142,10764,20
5,all_six_stages,110,1329.310344827586,1.0756966107625738,7.441916562432796,10764,20
5,all_six_stages,111,1332.7586206896551,1.0505516220611344,14.62268268117905,10764,20
5,all_six_stages,112,1336.2068965517242,1.0403426590166318,3.752033442105729,10764,20
5,all_six_stages,113,1339.655172413793,1.0589066964334524,14.030454731438308,10764,20
5,all_six_stages,114,1343.103448275862,1.0838428200917063,0.098666451934914,10764,20
5,all_six_stages,115,1346.551724137931,1.107356074445365,-6.509716970582059,10764,20
5,all_six_stages,116,1350.0,1.1070768043131394,-14.75321606523562,10764,20
5,all_six_stages,117,1353.4482758620688,1.1381779730909825,-4.623426880817555,10764,20
5,all_six_stages,118,1356.896551724138,1.1650853076765,-6.568647305841333,10764,20
5,all_six_stages,119,1360.344827586207,1.1821882102913448,-2.176980714524228,10764,20
5,all_six_stages,120,1363.7931034482758,1.2105839993704757,-1.1682581711904922,10764,20
5,all_six_stages,121,1367.2413793103449,1.2184998189082754,-0.069874226476748,10764,20
5,all_six_stages,122,1370.6896551724135,1.2248175889379285,-3.1221001443007843,10764,20
5,all_six_stages,123,1374.1379310344828,1.2282824521432134,2.6122611755967204,10764,20
5,all_six_stages,124,1377.5862068965516,1.2433634482185558,13.7911222380861,10764,20
5,all_six_stages,125,1381.0344827586207,1.2228834801508195,-1.5846185250705396,10764,20
5,all_six_stages,126,1384.4827586206898,1.2079384186400852,8.173463638740941,10764,20
5,all_six_stages,127,1387.9310344827586,1.1771506947724824,2.103445434080977,10764,20
5,all_six_stages,128,1391.3793103448274,1.1316624032400624,-6.527034948026071,10764,20
5,all_six_stages,129,1394.8275862068965,1.1074952638793758,-13.957299051583774,10764,20
5,all_six_stages,130,1398.2758620689656,1.090242948659249,-16.11323379719645,10764,20
5,all_six_stages,131,1401.7241379310344,1.0470992757443207,-8.073891580461579,10764,20
5,all_six_stages,132,1405.1724137931035,1.0082046475071216,-4.237158563940523,10764,20
5,all_six_stages,133,1408.6206896551723,0.9831496713323908,-1.5432275527096744,10764,20
5,all_six_stages,134,1412.0689655172414,0.9360620212254728,-0.9672514721429092,10764,20
5,all_six_stages,135,1415.5172413793102,0.909045775498738,16.300092675209235,10764,20
5,all_six_stages,136,1418.9655172413793,0.8826175686532053,8.309420186704916,10764,20
5,all_six_stages,137,1422.4137931034484,0.871175660796558,-11.589647411318554,10764,20
5,all_six_stages,138,1425.8620689655172,0.8518422525166405,-2.918504891348061,10764,20
5,all_six_stages,139,1429.310344827586,0.8541636945178525,10.717479649771942,10764,20
5,all_six_stages,140,1432.7586206896551,0.8317630924076043,1.0811517097151049,10764,20
5,all_six_stages,141,1436.2068965517242,0.8463066000129669,-18.36917710266193,10764,20
5,all_six_stages,142,1439.655172413793,0.7948409915148837,-4.673798548765824,10764,20
5,all_six_stages,143,1443.103448275862,0.7882686156085308,1.6243123001583744,10764,20
5,all_six_stages,144,1446.551724137931,0.7504761196255071,6.552011233808003,10764,20
5,all_six_stages,145,1450.0,0.7363664141421243,-7.098987664584324,10764,20
5,all_six_stages,146,1453.4482758620688,0.7119656183741705,-2.3795791177651084,10764,20
5,all_six_stages,147,1456.896551724138,0.6934744614411812,2.5055931677824823,10764,20
5,all_six_stages,148,1460.344827586207,0.6878886776052412,-9.16940670955896,10764,20
5,all_six_stages,149,1463.7931034482758,0.6779233273502202,14.094715099105098,10764,20
5,all_six_stages,150,1467.2413793103449,0.6796604639606155,19.348494683311664,10764,20
5,all_six_stages,151,1470.6896551724135,0.6886950361473522,24.158815494714908,10764,20
5,all_six_stages,152,1474.1379310344828,0.6837208329030959,24.3792107099632,10764,20
5,all_six_stages,153,1477.5862068965516,0.6613168497369497,6.37290062666932,10764,20
5,all_six_stages,154,1481.0344827586207,0.6652477061873305,3.4009286361397644,10764,20
5,all_six_stages,155,1484.4827586206898,0.6665194930471616,8.399281564347522,10764,20
5,all_six_stages,156,1487.9310344827586,0.6626229748549386,-7.695466275664649,10764,20
5,all_six_stages,157,1491.3793103448274,0.6609708777817601,1.5584495729590409,10764,20
5,all_six_stages,158,1494.8275862068965,0.6643677990617889,-3.2124545367690267,10764,20
5,all_six_stages,159,1498.2758620689656,0.6758052689871142,-8.173866052489325,10764,20
5,all_six_stages,160,1501.7241379310344,0.6857932322478205,-5.465445923938972,10764,20
5,all_six_stages,161,1505.1724137931033,0.6962916579096643,-17.38357941450255,10764,20
5,all_six_stages,162,1508.6206896551723,0.6730703517962486,-4.596000141377777,10764,20
5,all_six_stages,163,1512.0689655172414,0.6891518478968979,-24.01142763279509,10764,20
5,all_six_stages,164,1515.5172413793102,0.6511086605377057,-7.320955681673159,10764,20
5,all_six_stages,165,1518.9655172413793,0.6745709520877197,-18.11017967732152,10764,20
5,all_six_stages,166,1522.4137931034484,0.6450705108564043,1.659817579399545,10764,20
5,all_six_stages,167,1525.8620689655172,0.6515613588528533,-11.382413229476246,10764,20
5,all_six_stages,168,1529.310344827586,0.6589277472806726,6.04964316673183,10764,20
5,all_six_stages,169,1532.7586206896551,0.6621128955062365,-1.3723174480266194,10764,20
5,all_six_stages,170,1536.2068965517242,0.6810508867822818,-7.755740778154559,10764,20
5,all_six_stages,171,1539.655172413793,0.7109800699705128,19.538167566663365,10764,20
5,all_six_stages,172,1543.103448275862,0.6956266840833468,1.1235848058492066,10764,20
5,all_six_stages,173,1546.5517241379312,0.7263697114344075,-6.805281876504272,10764,20
5,all_six_stages,174,1550.0,0.7209391821767727,9.875755450810898,10764,20
5,all_six_stages,175,1553.4482758620688,0.7379669321813298,16.040555449471494,10764,20
5,all_six_stages,176,1556.896551724138,0.7397641994602593,6.663301037108315,10764,20
5,all_six_stages,177,1560.344827586207,0.7361891320476378,-0.5246070826937862,10764,20
5,all_six_stages,178,1563.7931034482758,0.7434427140205082,0.0295617542073109,10764,20
5,all_six_stages,179,1567.2413793103449,0.7621492743344865,10.433864014015125,10764,20
5,all_six_stages,180,1570.6896551724135,0.7735128178391136,3.725263996446616,10764,20
5,all_six_stages,181,1574.1379310344828,0.8016598176877201,11.23887928693214,10764,20
5,all_six_stages,182,1577.5862068965516,0.751430709760604,2.430650710556636,10764,20
5,all_six_stages,183,1581.0344827586207,0.781638353014864,-13.55148211760917,10764,20
5,all_six_stages,184,1584.4827586206898,0.7267792068325171,1.6306785722939696,10764,20
5,all_six_stages,185,1587.9310344827586,1.0644991787986249,6.353271091337795,10764,20
5,all_six_stages,186,1591.3793103448274,0.7874427554248767,-8.974841686792,10764,20
5,all_six_stages,187,1594.8275862068965,0.7024083747612148,-1.2034363645458257,10764,20
5,all_six_stages,188,1598.2758620689656,0.7048263973774516,0.2521164809393972,10764,20
5,all_six_stages,189,1601.7241379310344,0.7128994135080204,1.3859314426342957,10764,20
5,all_six_stages,190,1605.1724137931033,0.7159968930652585,8.929660464147243,10764,20
5,all_six_stages,191,1608.6206896551723,0.7113578519661092,-3.1284823180809305,10764,20
5,all_six_stages,192,1612.0689655172414,0.7110020483615578,-3.442112747973442,10764,20
5,all_six_stages,193,1615.5172413793102,0.7201220860801207,14.266702008281293,10764,20
5,all_six_stages,194,1618.9655172413793,0.7200315300575458,6.577884874360146,10764,20
5,all_six_stages,195,1622.4137931034484,0.7217602434734164,-1.6436498294115145,10764,20
5,all_six_stages,196,1625.8620689655172,0.7658434706894004,-15.45272369062564,10764,20
5,all_six_stages,197,1629.310344827586,0.8088127122681313,-16.567146053190463,10764,20
5,all_six_stages,198,1632.7586206896551,0.7875693932163624,-2.8044491312419586,10764,20
5,all_six_stages,199,1636.2068965517242,0.8430952446860591,-7.591672144223537,10764,20
5,all_six_stages,200,1639.655172413793,0.8446184239403824,6.912622362556742,10764,20
5,all_six_stages,201,1643.103448275862,0.9310514833487188,7.242667171722875,10764,20
5,all_six_stages,202,1646.5517241379312,1.0718636125067145,-1.8053750187026203,10764,20
5,all_six_stages,203,1650.0,1.3670874573623066,-3.429729178738149,10764,20
5,post_moisture_1_to_5,0,950.0,1.6224437552170683,18.200228529027324,8970,20
5,post_moisture_1_to_5,1,953.448275862069,1.4580548824902742,13.901542220185997,8970,20
5,post_moisture_1_to_5,2,956.896551724138,1.286066287720218,-8.969224717671413,8970,20
5,post_moisture_1_to_5,3,960.3448275862067,1.1615358297137015,-10.17579874427464,8970,20
5,post_moisture_1_to_5,4,963.7931034482758,1.0869142435855563,-10.080145968256875,8970,20
5,post_moisture_1_to_5,5,967.2413793103448,1.032496257784895,-14.9677300049008,8970,20
5,post_moisture_1_to_5,6,970.6896551724138,0.9545762781330178,2.1787918258286902,8970,20
5,post_moisture_1_to_5,7,974.1379310344828,0.922015489232062,1.3595635103954151,8970,20
5,post_moisture_1_to_5,8,977.5862068965516,0.9379057694813124,-2.5079602997301134,8970,20
5,post_moisture_1_to_5,9,981.0344827586208,0.9618784275421628,1.8625548047728664,8970,20
5,post_moisture_1_to_5,10,984.4827586206897,0.8834802218981922,-15.155094929503312,8970,20
5,post_moisture_1_to_5,11,987.9310344827586,0.8614043138771121,5.153784898407621,8970,20
5,post_moisture_1_to_5,12,991.3793103448276,0.9246544562669708,-25.15322182192129,8970,20
5,post_moisture_1_to_5,13,994.8275862068964,0.8553567300204066,5.240752366225757,8970,20
5,post_moisture_1_to_5,14,998.2758620689656,0.8899305429484781,6.286655378478229,8970,20
5,post_moisture_1_to_5,15,1001.7241379310344,0.9171368636253724,-0.6769691820745387,8970,20
5,post_moisture_1_to_5,16,1005.1724137931036,0.931924255379587,15.11742533205101,8970,20
5,post_moisture_1_to_5,17,1008.6206896551724,0.9176353052629604,16.504740988797614,8970,20
5,post_moisture_1_to_5,18,1012.0689655172414,0.8831329615135941,3.910741549523568,8970,20
5,post_moisture_1_to_5,19,1015.5172413793103,0.9068998508006814,4.528681191167224,8970,20
5,post_moisture_1_to_5,20,1018.9655172413792,0.9440984866898808,9.245007781875952,8970,20
5,post_moisture_1_to_5,21,1022.4137931034484,0.9141233642123868,-0.6968244761385441,8970,20
5,post_moisture_1_to_5,22,1025.8620689655172,0.9067229846961604,9.40955586070334,8970,20
5,post_moisture_1_to_5,23,1029.3103448275865,0.945485146094069,-12.27471226673054,8970,20
5,post_moisture_1_to_5,24,1032.7586206896551,0.9209204369495768,-6.862130563096242,8970,20
5,post_moisture_1_to_5,25,1036.2068965517242,0.9385347193162396,7.166366701470331,8970,20
5,post_moisture_1_to_5,26,1039.655172413793,0.958728041794563,13.0712132179173,8970,20
5,post_moisture_1_to_5,27,1043.103448275862,0.9622093636109144,-1.6072727466291674,8970,20
5,post_moisture_1_to_5,28,1046.551724137931,1.0504974329594707,-7.049228429779634,8970,20
5,post_moisture_1_to_5,29,1050.0,0.9913707016562632,-7.142968560810358,8970,20
5,post_moisture_1_to_5,30,1053.4482758620688,0.9911421763053836,-7.129467699859738,8970,20
5,post_moisture_1_to_5,31,1056.896551724138,0.9560953046699914,-1.2327682131355355,8970,20
5,post_moisture_1_to_5,32,1060.344827586207,0.9374631502289028,-9.950852095367347,8970,20
5,post_moisture_1_to_5,33,1063.7931034482758,0.8862182454910881,-5.944964303392441,8970,20
5,post_moisture_1_to_5,34,1067.2413793103449,0.8754246230448736,6.269357646095953,8970,20
5,post_moisture_1_to_5,35,1070.6896551724135,0.8628824175906118,-2.8045595386329376,8970,20
5,post_moisture_1_to_5,36,1074.1379310344828,0.855063237314945,1.1786413112457992,8970,20
5,post_moisture_1_to_5,37,1077.5862068965516,0.8329356988400323,-5.426976858737321,8970,20
5,post_moisture_1_to_5,38,1081.0344827586207,0.8156043716139785,-1.723539548496999,8970,20
5,post_moisture_1_to_5,39,1084.4827586206898,0.812919784678369,0.0436526823576629,8970,20
5,post_moisture_1_to_5,40,1087.9310344827586,0.8041849621693903,2.552199270166984,8970,20
5,post_moisture_1_to_5,41,1091.3793103448277,0.8367610717454648,13.103248886339134,8970,20
5,post_moisture_1_to_5,42,1094.8275862068965,0.7973575927751694,6.021763048455997,8970,20
5,post_moisture_1_to_5,43,1098.2758620689656,0.8351954820205721,-3.2808416487309358,8970,20
5,post_moisture_1_to_5,44,1101.7241379310344,0.875799989276175,2.492306064113428,8970,20
5,post_moisture_1_to_5,45,1105.1724137931035,0.792565861688879,-3.1648251351661454,8970,20
5,post_moisture_1_to_5,46,1108.6206896551723,0.8808656146000868,-6.621760579513909,8970,20
5,post_moisture_1_to_5,47,1112.0689655172414,0.8712246063665007,-18.079249820607583,8970,20
5,post_moisture_1_to_5,48,1115.5172413793102,0.9397612157710968,6.479851535504241,8970,20
5,post_moisture_1_to_5,49,1118.9655172413793,1.0018743804832824,6.463997976095713,8970,20
5,post_moisture_1_to_5,50,1122.4137931034484,1.1091342506086317,16.622195726515802,8970,20
5,post_moisture_1_to_5,51,1125.8620689655172,1.1335502345036523,11.328811907843567,8970,20
5,post_moisture_1_to_5,52,1129.3103448275865,1.0994297068823549,5.447807920202141,8970,20
5,post_moisture_1_to_5,53,1132.7586206896551,1.07782478138697,2.5599737412329198,8970,20
5,post_moisture_1_to_5,54,1136.2068965517242,1.0402172023098208,-3.940163703755914,8970,20
5,post_moisture_1_to_5,55,1139.655172413793,0.9674300844558176,-17.925031363906513,8970,20
5,post_moisture_1_to_5,56,1143.103448275862,0.9544188365443368,-11.15577485482886,8970,20
5,post_moisture_1_to_5,57,1146.551724137931,1.0047427544617338,-3.5361619123275783,8970,20
5,post_moisture_1_to_5,58,1150.0,1.0259503885267882,15.425161446571494,8970,20
5,post_moisture_1_to_5,59,1153.4482758620688,0.96982260026678,18.27361649519096,8970,20
5,post_moisture_1_to_5,60,1156.896551724138,0.9183110511481516,15.700845087099497,8970,20
5,post_moisture_1_to_5,61,1160.344827586207,0.9597502492028204,-11.404516839421408,8970,20
5,post_moisture_1_to_5,62,1163.7931034482758,1.1042524439046406,-30.38119462031629,8970,20
5,post_moisture_1_to_5,63,1167.2413793103449,1.1808830572189029,-26.109232438016495,8970,20
5,post_moisture_1_to_5,64,1170.6896551724135,1.138156846990755,2.0114030161338485,8970,20
5,post_moisture_1_to_5,65,1174.1379310344828,1.24044979317102,25.35773222427079,8970,20
5,post_moisture_1_to_5,66,1177.5862068965516,1.2735968117258,39.70416057730883,8970,20
5,post_moisture_1_to_5,67,1181.0344827586207,1.2108543227852966,28.91199423910855,8970,20
5,post_moisture_1_to_5,68,1184.4827586206898,1.165282181957207,3.478487276226992,8970,20
5,post_moisture_1_to_5,69,1187.9310344827586,1.0830799438165684,2.787136283922394,8970,20
5,post_moisture_1_to_5,70,1191.3793103448274,1.0927259359818533,-23.70257529606365,8970,20
5,post_moisture_1_to_5,71,1194.8275862068965,1.122365246508119,-15.4602251920503,8970,20
5,post_moisture_1_to_5,72,1198.2758620689656,1.0545485016263962,-12.911743663193285,8970,20
5,post_moisture_1_to_5,73,1201.7241379310344,1.049560334370204,-6.065558968288193,8970,20
5,post_moisture_1_to_5,74,1205.1724137931035,0.8268928962886783,5.179832906677124,8970,20
5,post_moisture_1_to_5,75,1208.6206896551723,0.7599297265363394,-8.478947521809076,8970,20
5,post_moisture_1_to_5,76,1212.0689655172414,0.7433215363527961,-12.968755267735474,8970,20
5,post_moisture_1_to_5,77,1215.5172413793102,0.7901866843528027,-13.784665936717452,8970,20
5,post_moisture_1_to_5,78,1218.9655172413793,0.7478422745705208,7.744547488948072,8970,20
5,post_moisture_1_to_5,79,1222.4137931034484,0.7405654578151001,11.240913500686183,8970,20
5,post_moisture_1_to_5,80,1225.8620689655172,0.70010405434865,10.132342918549604,8970,20
5,post_moisture_1_to_5,81,1229.310344827586,0.7796551362685614,-9.64823203859272,8970,20
5,post_moisture_1_to_5,82,1232.7586206896551,0.8553432780111948,13.780953376141229,8970,20
5,post_moisture_1_to_5,83,1236.2068965517242,0.8590908598380791,1.4982491572323495,8970,20
5,post_moisture_1_to_5,84,1239.655172413793,0.7780229790264507,-5.127794081912693,8970,20
5,post_moisture_1_to_5,85,1243.103448275862,0.8377401212793198,13.509631209607663,8970,20
5,post_moisture_1_to_5,86,1246.551724137931,0.942160398298552,3.917690319460141,8970,20
5,post_moisture_1_to_5,87,1250.0,0.9745188696717448,-24.735701016410363,8970,20
5,post_moisture_1_to_5,88,1253.4482758620688,0.9634928079602738,-22.15209398549476,8970,20
5,post_moisture_1_to_5,89,1256.896551724138,0.8898597538826029,-12.725574780161171,8970,20
5,post_moisture_1_to_5,90,1260.344827586207,0.8771267069461434,-9.051414007972864,8970,20
5,post_moisture_1_to_5,91,1263.7931034482758,0.8558481517203955,-22.80963521881692,8970,20
5,post_moisture_1_to_5,92,1267.2413793103449,0.8884741875296198,-14.21097559445862,8970,20
5,post_moisture_1_to_5,93,1270.6896551724135,0.8976133528598903,-19.18127252378548,8970,20
5,post_moisture_1_to_5,94,1274.1379310344828,0.950221277150319,3.824373891519283,8970,20
5,post_moisture_1_to_5,95,1277.5862068965516,0.9689290440007922,0.4511856299052086,8970,20
5,post_moisture_1_to_5,96,1281.0344827586207,1.0678356592261078,13.232022460802156,8970,20
5,post_moisture_1_to_5,97,1284.4827586206898,1.099463866019925,19.519064236680137,8970,20
5,post_moisture_1_to_5,98,1287.9310344827586,1.18682640903144,20.741086295302395,8970,20
5,post_moisture_1_to_5,99,1291.3793103448274,1.1842972884163476,19.756614801102003,8970,20
5,post_moisture_1_to_5,100,1294.8275862068965,1.2394963449615626,23.997346516087863,8970,20
5,post_moisture_1_to_5,101,1298.2758620689656,1.257266184779877,3.591890486069592,8970,20
5,post_moisture_1_to_5,102,1301.7241379310344,1.1714649462038644,8.18839157373319,8970,20
5,post_moisture_1_to_5,103,1305.1724137931035,1.1929378750931383,6.871124826481168,8970,20
5,post_moisture_1_to_5,104,1308.6206896551723,1.2710888235296427,-9.946337008580814,8970,20
5,post_moisture_1_to_5,105,1312.0689655172414,1.1703413432281742,7.903431264984535,8970,20
5,post_moisture_1_to_5,106,1315.5172413793102,1.0619188748803736,6.0634881438268735,8970,20
5,post_moisture_1_to_5,107,1318.9655172413793,1.0090190552480562,-14.06636029661192,8970,20
5,post_moisture_1_to_5,108,1322.4137931034484,0.9580859311418916,-5.9879974668265525,8970,20
5,post_moisture_1_to_5,109,1325.8620689655172,0.9017853752631656,6.915924336718152,8970,20
5,post_moisture_1_to_5,110,1329.310344827586,0.9404513695062618,14.86888841323994,8970,20
5,post_moisture_1_to_5,111,1332.7586206896551,0.9310822526155836,16.06439006252164,8970,20
5,post_moisture_1_to_5,112,1336.2068965517242,1.014658349731798,5.643926329253308,8970,20
5,post_moisture_1_to_5,113,1339.655172413793,1.139859339238383,22.17567984947272,8970,20
5,post_moisture_1_to_5,114,1343.103448275862,1.152639655996374,-9.106545768472447,8970,20
5,post_moisture_1_to_5,115,1346.551724137931,1.1740056476808969,-16.02862804651369,8970,20
5,post_moisture_1_to_5,116,1350.0,1.0938857978666572,-33.487176297784195,8970,20
5,post_moisture_1_to_5,117,1353.4482758620688,1.0453069250108398,-9.420688565974618,8970,20
5,post_moisture_1_to_5,118,1356.896551724138,1.0268101923786943,-5.911565039693189,8970,20
5,post_moisture_1_to_5,119,1360.344827586207,1.0646331943619238,-11.81171836865352,8970,20
5,post_moisture_1_to_5,120,1363.7931034482758,1.1010693336820851,-8.210096565997196,8970,20
5,post_moisture_1_to_5,121,1367.2413793103449,1.1405282984792815,-7.976091624692826,8970,20
5,post_moisture_1_to_5,122,1370.6896551724135,1.1981808595587886,-4.113271109777193,8970,20
5,post_moisture_1_to_5,123,1374.1379310344828,1.213654730644575,9.396919462011525,8970,20
5,post_moisture_1_to_5,124,1377.5862068965516,1.3168244048304527,19.3265478238738,8970,20
5,post_moisture_1_to_5,125,1381.0344827586207,1.3402061423705385,5.276793538985473,8970,20
5,post_moisture_1_to_5,126,1384.4827586206898,1.3787546018213073,13.642194309270902,8970,20
5,post_moisture_1_to_5,127,1387.9310344827586,1.3717172050349695,9.597737813767653,8970,20
5,post_moisture_1_to_5,128,1391.3793103448274,1.3404557611882606,-0.8340723154041412,8970,20
5,post_moisture_1_to_5,129,1394.8275862068965,1.3204662639221112,-10.28970006820419,8970,20
5,post_moisture_1_to_5,130,1398.2758620689656,1.328943426362463,-17.886813748043075,8970,20
5,post_moisture_1_to_5,131,1401.7241379310344,1.251470820627964,-9.421279459856873,8970,20
5,post_moisture_1_to_5,132,1405.1724137931035,1.1976263147577455,-1.5342109938162043,8970,20
5,post_moisture_1_to_5,133,1408.6206896551723,1.1579452335464069,-6.616261317131304,8970,20
5,post_moisture_1_to_5,134,1412.0689655172414,1.0914550674449568,-4.827479620293644,8970,20
5,post_moisture_1_to_5,135,1415.5172413793102,1.0412369805264017,11.852325531983642,8970,20
5,post_moisture_1_to_5,136,1418.9655172413793,1.016794333005674,2.144704989630946,8970,20
5,post_moisture_1_to_5,137,1422.4137931034484,0.993514591737333,-16.243083037238165,8970,20
5,post_moisture_1_to_5,138,1425.8620689655172,0.9779027124650224,-10.279792673449014,8970,20
5,post_moisture_1_to_5,139,1429.310344827586,0.9676462231688524,9.833343675656836,8970,20
5,post_moisture_1_to_5,140,1432.7586206896551,0.9494301562585707,0.0311640301679512,8970,20
5,post_moisture_1_to_5,141,1436.2068965517242,0.959250321034004,-13.693471196435496,8970,20
5,post_moisture_1_to_5,142,1439.655172413793,0.8754393915884953,1.8664595987629289,8970,20
5,post_moisture_1_to_5,143,1443.103448275862,0.8587426827039802,3.763553557899919,8970,20
5,post_moisture_1_to_5,144,1446.551724137931,0.8246191683068893,8.264984914444685,8970,20
5,post_moisture_1_to_5,145,1450.0,0.8040267950616843,-4.608160134452086,8970,20
5,post_moisture_1_to_5,146,1453.4482758620688,0.7647539313753068,-4.377018602363009,8970,20
5,post_moisture_1_to_5,147,1456.896551724138,0.7554436561626884,3.4063187417538536,8970,20
5,post_moisture_1_to_5,148,1460.344827586207,0.7669752708169763,-8.694515291111891,8970,20
5,post_moisture_1_to_5,149,1463.7931034482758,0.7616886121940281,11.850870161502629,8970,20
5,post_moisture_1_to_5,150,1467.2413793103449,0.7877186013999752,17.852712683803738,8970,20
5,post_moisture_1_to_5,151,1470.6896551724135,0.8700344910851006,29.53106914467373,8970,20
5,post_moisture_1_to_5,152,1474.1379310344828,0.8559438511440965,28.1651214640862,8970,20
5,post_moisture_1_to_5,153,1477.5862068965516,0.826741889461833,3.43137356012974,8970,20
5,post_moisture_1_to_5,154,1481.0344827586207,0.8474941064934598,2.356466506722382,8970,20
5,post_moisture_1_to_5,155,1484.4827586206898,0.8610800761420684,6.563834598038284,8970,20
5,post_moisture_1_to_5,156,1487.9310344827586,0.8832473757043063,-5.066301691213022,8970,20
5,post_moisture_1_to_5,157,1491.3793103448274,0.8709746600116477,8.826554517406564,8970,20
5,post_moisture_1_to_5,158,1494.8275862068965,0.8818575511456992,-0.9003842972503476,8970,20
5,post_moisture_1_to_5,159,1498.2758620689656,0.9329264128362262,-13.666440723624827,8970,20
5,post_moisture_1_to_5,160,1501.7241379310344,0.9352066613564954,-7.395177640344621,8970,20
5,post_moisture_1_to_5,161,1505.1724137931033,1.004188389448811,-23.93983713038304,8970,20
5,post_moisture_1_to_5,162,1508.6206896551723,0.9000463513168716,-8.86993190956528,8970,20
5,post_moisture_1_to_5,163,1512.0689655172414,0.9483998962550004,-23.80343687176453,8970,20
5,post_moisture_1_to_5,164,1515.5172413793102,0.8554330742112126,-4.912416959752088,8970,20
5,post_moisture_1_to_5,165,1518.9655172413793,0.907671918711442,-23.997373309145416,8970,20
5,post_moisture_1_to_5,166,1522.4137931034484,0.8381212240319529,-2.3509667861478114,8970,20
5,post_moisture_1_to_5,167,1525.8620689655172,0.8349450007066443,-16.58035990425683,8970,20
5,post_moisture_1_to_5,168,1529.310344827586,0.821509810915076,4.736948027870573,8970,20
5,post_moisture_1_to_5,169,1532.7586206896551,0.8110459867349248,-2.055427568969204,8970,20
5,post_moisture_1_to_5,170,1536.2068965517242,0.8505794790047886,-8.508922347775638,8970,20
5,post_moisture_1_to_5,171,1539.655172413793,0.8852059494117752,24.57384083047324,8970,20
5,post_moisture_1_to_5,172,1543.103448275862,0.8342037317627896,0.915103539433734,8970,20
5,post_moisture_1_to_5,173,1546.5517241379312,0.8742385832049153,-10.140560747689037,8970,20
5,post_moisture_1_to_5,174,1550.0,0.8506036171885762,8.785448430770591,8970,20
5,post_moisture_1_to_5,175,1553.4482758620688,0.8718403478212406,13.951274199781366,8970,20
5,post_moisture_1_to_5,176,1556.896551724138,0.8961760231809497,11.991359119538789,8970,20
5,post_moisture_1_to_5,177,1560.344827586207,0.8723148887746457,4.535181889642511,8970,20
5,post_moisture_1_to_5,178,1563.7931034482758,0.876945810889366,6.84211608964481,8970,20
5,post_moisture_1_to_5,179,1567.2413793103449,0.939959890485944,19.706778377053183,8970,20
5,post_moisture_1_to_5,180,1570.6896551724135,0.9203338364694158,4.323749147078862,8970,20
5,post_moisture_1_to_5,181,1574.1379310344828,1.0308319848341254,19.634123119338568,8970,20
5,post_moisture_1_to_5,182,1577.5862068965516,0.8568707215757612,7.863296033826437,8970,20
5,post_moisture_1_to_5,183,1581.0344827586207,0.9018805151309248,-13.431883046439694,8970,20
5,post_moisture_1_to_5,184,1584.4827586206898,0.8119706241684458,4.545802285042484,8970,20
5,post_moisture_1_to_5,185,1587.9310344827586,1.5455040686778847,5.530899967172659,8970,20
5,post_moisture_1_to_5,186,1591.3793103448274,0.9252241671049198,-10.731418761355474,8970,20
5,post_moisture_1_to_5,187,1594.8275862068965,0.7351388482701379,-3.003982433454319,8970,20
5,post_moisture_1_to_5,188,1598.2758620689656,0.7613098051909409,-4.011364256644045,8970,20
5,post_moisture_1_to_5,189,1601.7241379310344,0.7766513349271097,-5.631469845128556,8970,20
5,post_moisture_1_to_5,190,1605.1724137931033,0.7926108300989646,7.40569293537212,8970,20
5,post_moisture_1_to_5,191,1608.6206896551723,0.7667834660949053,-4.30769102577766,8970,20
5,post_moisture_1_to_5,192,1612.0689655172414,0.7861525749280901,-8.945021192992833,8970,20
5,post_moisture_1_to_5,193,1615.5172413793102,0.7947993940686402,5.991847468974783,8970,20
5,post_moisture_1_to_5,194,1618.9655172413793,0.8178648925957397,3.043921858231151,8970,20
5,post_moisture_1_to_5,195,1622.4137931034484,0.8031436230468602,0.481820995736941,8970,20
5,post_moisture_1_to_5,196,1625.8620689655172,0.885653595140345,-10.99907003903425,8970,20
5,post_moisture_1_to_5,197,1629.310344827586,0.967580558938454,-10.011455267993355,8970,20
5,post_moisture_1_to_5,198,1632.7586206896551,0.9574109627724192,2.0431931976259463,8970,20
5,post_moisture_1_to_5,199,1636.2068965517242,1.06442707141305,-1.990455324037509,8970,20
5,post_moisture_1_to_5,200,1639.655172413793,1.073145072576192,6.732049888460809,8970,20
5,post_moisture_1_to_5,201,1643.103448275862,1.2078964940504069,4.800603185094095,8970,20
5,post_moisture_1_to_5,202,1646.5517241379312,1.5023154014731956,-6.130185176455954,8970,20
5,post_moisture_1_to_5,203,1650.0,2.1159503825452286,-5.146894650424127,8970,20
